image,y,g_alignment,g_colorfulness,g_composition,g_contrast,g_harmony,g_local,g_simplicity,g_whitespace,r_colorfulness_variety,r_dominant_colors,r_edge_density,r_jpeg_bpp,r_whitespace,score,weighted_sum,x_anisotropy,x_contour_congestion,x_edge_orientation_entropy,x_feature_congestion,x_sequence
../calista/rating-based-dataset/images/english/0.png,2.235651214128035,0.277,0.857,0.32,1.0,0.907,0.527,0.071,0.647,42.6889,7.0,0.2574,0.1764,0.4748,37.0,0.4823,0.9175,0.7983,0.8908,0.0222,0.2
../calista/rating-based-dataset/images/english/1.png,4.181764705882353,0.184,0.792,0.51,1.0,0.897,0.558,0.0,0.321,46.7304,11.0,0.2907,0.184,0.3856,36.0,0.475,1.1933,0.7022,0.8401,0.0313,0.7
../calista/rating-based-dataset/images/english/10.png,3.9167585446527013,0.207,0.969,0.06,1.0,0.797,0.397,0.214,0.915,33.0269,3.0,0.2937,0.2042,0.6857,29.0,0.433,0.9664,0.7494,0.8863,0.0212,0.7
../calista/rating-based-dataset/images/english/100.png,4.953846153846154,0.12,0.467,0.48,1.0,0.935,0.866,0.086,0.984,64.2801,7.0,0.2378,0.1549,0.592,48.0,0.5376,0.9199,0.6883,0.8895,0.031,0.7
../calista/rating-based-dataset/images/english/101.png,4.857688113413304,0.101,0.998,0.32,1.0,0.858,0.7,0.0,0.388,27.0254,17.0,0.4074,0.2162,0.4059,29.0,0.4323,1.0408,0.8072,0.8708,0.0266,0.8
../calista/rating-based-dataset/images/english/102.png,4.885321100917431,0.129,0.751,0.37,1.0,0.844,0.779,0.0,0.316,49.0533,16.0,0.3404,0.1884,0.3839,29.0,0.4322,1.182,0.7373,0.8187,0.0397,1.0
../calista/rating-based-dataset/images/english/103.png,5.142398286937902,0.296,0.743,0.79,1.0,0.944,0.78,0.071,0.827,49.5526,7.0,0.3028,0.1722,0.5241,69.0,0.647,0.843,0.6709,0.8748,0.0103,0.7
../calista/rating-based-dataset/images/english/104.png,4.468527315914489,0.103,0.173,0.57,1.0,0.911,0.665,0.0,0.277,84.5988,12.0,0.3105,0.1713,0.3707,31.0,0.4452,1.2588,0.7061,0.8152,0.0457,0.8
../calista/rating-based-dataset/images/english/105.png,2.263917525773196,0.3,0.367,0.21,1.0,0.894,0.575,0.0,0.991,70.0531,15.0,0.4168,0.2818,0.5986,32.0,0.4518,0.9484,0.8331,0.8885,0.0417,0.7
../calista/rating-based-dataset/images/english/106.png,5.39,0.109,0.671,0.68,1.0,0.907,0.704,0.0,0.029,53.4203,14.0,0.37,0.2097,0.2053,38.0,0.484,1.0413,0.7301,0.8653,0.037,0.2
../calista/rating-based-dataset/images/english/107.png,4.446467991169978,0.12,0.597,0.42,1.0,0.931,0.618,0.0,0.743,57.3163,13.0,0.2497,0.1679,0.5,36.0,0.477,1.3707,0.7174,0.8107,0.0351,0.6
../calista/rating-based-dataset/images/english/108.png,4.580552359033372,0.153,0.87,0.25,1.0,0.79,0.598,0.158,0.223,41.759,6.0,0.222,0.1427,0.3505,25.0,0.4059,1.1127,0.6697,0.8433,0.045,0.3
../calista/rating-based-dataset/images/english/109.png,3.7857142857142856,0.113,0.564,0.42,1.0,0.749,0.416,0.0,0.989,59.0418,9.0,0.3344,0.1954,0.5972,35.0,0.4683,1.0877,0.7345,0.8566,0.0513,0.6
../calista/rating-based-dataset/images/english/11.png,3.9875406283856987,0.368,0.992,0.13,1.0,0.918,0.398,0.614,0.199,20.8964,2.0,0.1433,0.0971,0.8996,36.0,0.4762,1.1298,0.552,0.8529,0.0102,0.7
../calista/rating-based-dataset/images/english/111.png,5.798679867986799,0.089,0.938,0.48,1.0,0.71,0.617,0.0,0.031,36.4171,14.0,0.3122,0.1855,0.2108,26.0,0.4161,0.9484,0.7425,0.871,0.04,0.2
../calista/rating-based-dataset/images/english/112.png,4.510240963855422,0.187,0.372,0.27,1.0,0.898,0.508,0.112,0.989,69.7672,7.0,0.23,0.146,0.6429,34.0,0.4627,1.0787,0.6368,0.8615,0.0281,0.3
../calista/rating-based-dataset/images/english/113.png,5.143982002249719,0.292,0.995,0.29,1.0,0.873,0.556,0.333,0.954,21.7998,5.0,0.1876,0.121,0.5725,51.0,0.5504,0.9727,0.651,0.8815,0.0165,0.9
../calista/rating-based-dataset/images/english/114.png,2.922028353326063,0.135,0.613,0.1,1.0,0.911,0.492,0.0,0.219,56.4761,10.0,0.3362,0.1952,0.3488,15.0,0.329,1.0103,0.742,0.8632,0.0476,0.3
../calista/rating-based-dataset/images/english/115.png,3.8757159221076747,0.213,0.71,0.3,1.0,0.866,0.431,0.0,0.641,51.3169,11.0,0.2844,0.1758,0.4734,30.0,0.4373,0.9444,0.6939,0.8819,0.0378,0.9
../calista/rating-based-dataset/images/english/116.png,1.9425287356321839,0.236,0.318,0.4,1.0,0.97,0.669,0.0,0.804,73.1959,14.0,0.3761,0.2617,0.5171,38.0,0.4863,1.4122,0.7931,0.7882,0.0248,0.5
../calista/rating-based-dataset/images/english/117.png,3.5074626865671643,0.378,0.988,0.72,1.0,0.908,0.858,0.47,0.369,29.9298,3.0,0.1693,0.1134,0.8398,72.0,0.6662,1.0922,0.577,0.8646,0.0137,0.9
../calista/rating-based-dataset/images/english/118.png,5.627753303964758,0.12,0.142,0.32,1.0,0.853,0.48,0.0,0.053,87.8885,14.0,0.2951,0.1833,0.2432,16.0,0.3368,0.5705,0.768,0.9477,0.0534,0.9
../calista/rating-based-dataset/images/english/119.png,3.779008438818565,0.114,0.51,0.47,1.0,0.788,0.55,0.0,0.411,61.9292,11.0,0.3269,0.1857,0.4125,29.0,0.4332,0.6452,0.7382,0.9339,0.0562,0.1
../calista/rating-based-dataset/images/english/12.png,2.165137614678899,0.2,0.56,0.1,1.0,0.793,0.385,0.0,0.858,59.2561,10.0,0.3192,0.2244,0.7061,21.0,0.3819,0.8366,0.7903,0.9026,0.0555,0.1
../calista/rating-based-dataset/images/english/120.png,6.105726872246696,0.262,0.918,0.13,0.464,0.894,0.584,0.1,0.244,38.1359,15.0,0.2374,0.1258,0.3589,17.0,0.3427,0.9195,0.7409,0.8931,0.0193,1.0
../calista/rating-based-dataset/images/english/121.png,5.5741127348643005,0.206,0.639,0.63,1.0,0.933,0.793,0.141,0.295,55.1191,13.0,0.1894,0.1364,0.3769,48.0,0.5378,0.9673,0.6759,0.881,0.0306,1.0
../calista/rating-based-dataset/images/english/122.png,4.654370034052214,0.174,0.909,0.27,1.0,1.0,0.871,0.259,0.899,11.0841,8.0,0.1735,0.1208,0.6919,48.0,0.5364,1.2073,0.6366,0.8398,0.0121,1.0
../calista/rating-based-dataset/images/english/123.png,4.6923076923076925,0.153,0.991,0.73,1.0,0.981,0.83,0.126,0.97,29.1818,7.0,0.2112,0.1482,0.5816,69.0,0.651,0.8493,0.7065,0.9004,0.0125,0.2
../calista/rating-based-dataset/images/english/124.png,6.1266519823788546,0.066,0.919,0.35,0.77,0.948,0.44,0.0,0.33,38.0961,9.0,0.4177,0.1676,0.3882,23.0,0.3949,0.2582,0.8401,0.9876,0.0196,0.6
../calista/rating-based-dataset/images/english/125.png,4.641386782231852,0.298,0.992,0.05,1.0,0.902,0.413,0.757,0.141,21.0287,1.0,0.0979,0.0846,0.9281,33.0,0.4562,0.5886,0.7212,0.944,0.011,0.9
../calista/rating-based-dataset/images/english/128.png,3.8821961620469083,0.15,0.266,0.56,1.0,0.776,0.81,0.071,0.193,76.8037,7.0,0.3669,0.2322,0.3378,32.0,0.4522,1.0481,0.8089,0.8602,0.0516,0.9
../calista/rating-based-dataset/images/english/129.png,4.758408071748879,0.138,0.839,0.57,1.0,0.837,0.736,0.0,0.277,43.8787,12.0,0.2443,0.1622,0.3708,38.0,0.4876,1.2094,0.6771,0.8368,0.0341,0.1
../calista/rating-based-dataset/images/english/13.png,4.458115183246074,0.25,0.44,0.31,1.0,0.862,0.671,0.027,0.872,65.7501,10.0,0.2282,0.1508,0.7015,35.0,0.4706,1.0128,0.6582,0.8742,0.0282,0.9
../calista/rating-based-dataset/images/english/130.png,5.757203842049093,0.122,1.0,0.52,1.0,0.794,0.859,0.0,0.146,24.6032,14.0,0.3731,0.194,0.3146,35.0,0.4706,0.8518,0.7274,0.8898,0.0311,0.4
../calista/rating-based-dataset/images/english/131.png,3.5375854214123006,0.154,0.649,0.3,1.0,0.893,0.6,0.0,0.59,54.5711,14.0,0.3864,0.2324,0.4602,29.0,0.432,0.8991,0.7426,0.8937,0.0433,0.7
../calista/rating-based-dataset/images/english/132.png,4.008762322015334,0.153,0.326,0.41,1.0,0.82,0.468,0.0,0.188,72.61,14.0,0.3688,0.2107,0.3355,22.0,0.3878,1.3889,0.7726,0.7866,0.0498,0.7
../calista/rating-based-dataset/images/english/133.png,4.92128121606949,0.168,0.242,0.57,1.0,0.864,0.575,0.0,0.652,78.5638,10.0,0.2986,0.1737,0.4762,38.0,0.4872,0.9287,0.7352,0.8862,0.0377,0.7
../calista/rating-based-dataset/images/english/134.png,3.436111111111111,0.227,0.797,0.36,1.0,0.871,0.583,0.312,0.459,46.459,3.0,0.2006,0.1423,0.814,40.0,0.4967,1.3434,0.6314,0.8095,0.0292,1.0
../calista/rating-based-dataset/images/english/135.png,5.66193853427896,0.192,0.963,0.82,1.0,0.959,0.888,0.107,0.136,33.7794,9.0,0.2019,0.1379,0.309,59.0,0.5959,1.0435,0.5508,0.869,0.016,0.1
../calista/rating-based-dataset/images/english/136.png,4.330023364485982,0.133,0.332,0.3,1.0,0.865,0.513,0.0,0.579,72.2255,9.0,0.3148,0.2053,0.4574,24.0,0.4005,1.1671,0.7158,0.8381,0.0435,0.9
../calista/rating-based-dataset/images/english/137.png,3.6164079822616406,0.309,0.973,0.8,1.0,1.0,0.632,0.558,0.304,17.622,3.0,0.1465,0.1015,0.8602,74.0,0.6782,1.1455,0.6354,0.854,0.0168,1.0
../calista/rating-based-dataset/images/english/138.png,1.7425,0.078,0.072,0.11,1.0,0.834,0.394,0.0,0.068,98.077,18.0,0.5825,0.336,0.2591,10.0,0.2614,0.6523,0.8644,0.9337,0.0851,0.9
../calista/rating-based-dataset/images/english/139.png,3.5813953488372094,0.147,0.336,0.39,1.0,0.85,0.423,0.0,0.108,71.9763,14.0,0.3715,0.2284,0.2917,20.0,0.374,1.0249,0.7453,0.8704,0.0554,0.7
../calista/rating-based-dataset/images/english/14.png,2.8623655913978494,0.459,0.903,0.2,1.0,0.911,0.606,0.0,0.994,10.5989,11.0,0.2528,0.191,0.6033,43.0,0.5104,0.8047,0.6766,0.9108,0.0101,0.6
../calista/rating-based-dataset/images/english/140.png,3.6038283062645013,0.163,0.979,0.58,1.0,0.825,0.692,0.0,0.987,31.5883,9.0,0.3319,0.2085,0.5951,54.0,0.57,1.0334,0.7789,0.8614,0.0308,0.8
../calista/rating-based-dataset/images/english/141.png,3.2814606741573034,0.088,0.346,0.39,1.0,0.782,0.417,0.0,0.07,71.3616,14.0,0.2861,0.1931,0.2615,18.0,0.3544,0.6497,0.7195,0.9378,0.0658,0.5
../calista/rating-based-dataset/images/english/142.png,6.16006600660066,0.132,0.998,0.55,1.0,0.842,0.752,0.068,0.298,27.2206,8.0,0.2481,0.149,0.378,41.0,0.5037,0.7991,0.7227,0.9129,0.0181,0.7
../calista/rating-based-dataset/images/english/143.png,4.483634311512415,0.33,0.984,0.14,1.0,1.0,0.837,0.662,0.424,19.3725,5.0,0.1124,0.0689,0.4163,48.0,0.5364,1.403,0.5791,0.772,0.012,0.9
../calista/rating-based-dataset/images/english/144.png,3.7626931567328916,0.127,0.237,0.6,1.0,0.878,0.777,0.0,0.827,79.0088,14.0,0.356,0.2225,0.5242,45.0,0.5197,1.0963,0.7502,0.8542,0.0591,0.1
../calista/rating-based-dataset/images/english/145.png,4.340269277845778,0.22,0.909,0.36,1.0,0.9,0.597,0.484,0.895,38.929,5.0,0.1499,0.0997,0.6933,55.0,0.5735,1.4458,0.5785,0.7913,0.0237,0.9
../calista/rating-based-dataset/images/english/146.png,4.2431466030989275,0.109,0.556,0.17,1.0,0.815,0.667,0.0,0.99,59.4787,10.0,0.3036,0.1935,0.5984,27.0,0.4189,1.1115,0.7268,0.8537,0.0432,0.9
../calista/rating-based-dataset/images/english/147.png,4.053430821147357,0.105,0.495,0.6,1.0,0.877,0.559,0.0,0.95,62.7189,10.0,0.3516,0.2034,0.5699,47.0,0.5307,0.8432,0.7315,0.9051,0.0533,0.9
../calista/rating-based-dataset/images/english/148.png,4.439181916038751,0.12,0.56,0.37,1.0,0.854,0.816,0.0,0.208,59.2898,16.0,0.4067,0.2316,0.3442,26.0,0.4115,1.0808,0.7543,0.844,0.0538,0.7
../calista/rating-based-dataset/images/english/149.png,5.229007633587786,0.209,0.959,0.44,1.0,0.82,0.688,0.657,0.789,34.1831,4.0,0.106,0.0879,0.727,62.0,0.6084,0.8162,0.6177,0.9011,0.0241,0.7
../calista/rating-based-dataset/images/english/15.png,3.889007470651014,0.108,0.885,0.27,1.0,0.779,0.488,0.0,0.932,40.7132,11.0,0.3406,0.1931,0.5618,31.0,0.4464,0.9861,0.695,0.8784,0.0391,0.4
../calista/rating-based-dataset/images/english/150.png,4.992441860465116,0.115,0.686,0.25,1.0,0.875,0.628,0.0,0.021,52.6278,18.0,0.4485,0.2441,0.187,18.0,0.3568,1.1644,0.7911,0.8237,0.0401,0.7
../calista/rating-based-dataset/images/english/151.png,4.3919821826280625,0.195,0.859,0.42,1.0,0.745,0.715,0.143,0.987,42.51,5.0,0.3451,0.2067,0.5951,48.0,0.5366,1.0003,0.7418,0.8767,0.0343,0.9
../calista/rating-based-dataset/images/english/152.png,4.900440044004401,0.251,0.927,0.28,1.0,0.928,0.744,0.117,0.878,37.3494,7.0,0.2271,0.1442,0.6992,44.0,0.516,1.2235,0.6903,0.8311,0.0209,0.1
../calista/rating-based-dataset/images/english/153.png,4.160954712362301,0.175,0.885,0.78,1.0,0.818,0.719,0.0,0.451,40.7391,13.0,0.3561,0.2282,0.4237,54.0,0.5695,0.9327,0.7995,0.8851,0.0365,0.9
../calista/rating-based-dataset/images/english/154.png,4.197152245345016,0.386,0.958,0.75,1.0,1.0,0.639,0.839,0.166,15.6864,3.0,0.0776,0.0608,0.915,77.0,0.7015,0.8688,0.6252,0.8964,0.0129,0.9
../calista/rating-based-dataset/images/english/155.png,4.228710462287105,0.125,0.712,0.24,1.0,0.87,0.757,0.0,0.035,51.2261,13.0,0.345,0.212,0.2164,19.0,0.3658,1.3103,0.7032,0.7991,0.0346,0.6
../calista/rating-based-dataset/images/english/156.png,3.373644251626898,0.139,0.737,0.56,1.0,0.783,0.749,0.0,0.996,49.8331,9.0,0.3681,0.2448,0.6067,50.0,0.5461,0.9681,0.7575,0.8759,0.0505,1.0
../calista/rating-based-dataset/images/english/157.png,3.750836120401338,0.088,0.832,0.19,1.0,0.838,0.411,0.0,0.029,44.3255,19.0,0.5145,0.2419,0.2066,15.0,0.3285,0.3371,0.8262,0.9792,0.042,0.8
../calista/rating-based-dataset/images/english/158.png,5.449267192784667,0.121,0.969,0.39,1.0,0.887,0.675,0.0,0.441,32.959,15.0,0.3265,0.1622,0.4208,33.0,0.4599,0.7813,0.735,0.903,0.0258,0.7
../calista/rating-based-dataset/images/english/159.png,3.2714446952595937,0.091,0.065,0.17,1.0,0.926,0.511,0.0,0.627,99.3753,10.0,0.2778,0.1954,0.4697,18.0,0.3521,0.6145,0.744,0.9421,0.0541,0.7
../calista/rating-based-dataset/images/english/16.png,2.1003253796095445,0.136,0.817,0.63,1.0,0.852,0.498,0.036,0.933,45.2153,8.0,0.3879,0.2383,0.562,53.0,0.5606,0.7225,0.7909,0.9247,0.0335,0.8
../calista/rating-based-dataset/images/english/160.png,3.8394854586129754,0.324,0.827,0.08,1.0,0.919,0.773,0.0,0.704,44.6281,10.0,0.2315,0.1892,0.7504,29.0,0.4326,0.7661,0.7203,0.9125,0.0273,0.2
../calista/rating-based-dataset/images/english/161.png,4.595588235294118,0.209,0.999,0.54,1.0,0.868,0.809,0.123,0.902,23.962,8.0,0.2197,0.1302,0.6906,58.0,0.5874,1.2629,0.7139,0.8255,0.0155,0.9
../calista/rating-based-dataset/images/english/162.png,4.2713950762016415,0.164,0.646,0.19,1.0,0.969,0.643,0.015,0.163,54.7392,17.0,0.2518,0.1549,0.3238,20.0,0.372,1.7055,0.6564,0.7149,0.0218,1.0
../calista/rating-based-dataset/images/english/163.png,2.692510548523207,0.309,0.808,0.47,1.0,0.81,0.368,0.242,0.389,45.7629,5.0,0.1948,0.1463,0.8337,42.0,0.5055,1.0617,0.7106,0.8712,0.0347,0.9
../calista/rating-based-dataset/images/english/164.png,3.8472222222222223,0.31,0.841,0.29,1.0,1.0,0.437,0.967,0.08,6.252,1.0,0.0481,0.0513,0.9696,51.0,0.5509,0.6375,0.6695,0.9426,0.0057,0.9
../calista/rating-based-dataset/images/english/165.png,5.01827242524917,0.233,0.557,0.28,1.0,0.901,0.637,0.02,0.164,59.4365,15.0,0.2529,0.1531,0.3241,23.0,0.3967,1.3125,0.7072,0.8109,0.0278,0.9
../calista/rating-based-dataset/images/english/166.png,3.4172043010752686,0.153,0.171,0.34,1.0,0.835,0.773,0.0,0.487,84.7736,14.0,0.4092,0.2377,0.4333,25.0,0.4085,1.4068,0.7671,0.7864,0.0707,0.9
../calista/rating-based-dataset/images/english/167.png,4.611650485436893,0.316,0.747,0.75,1.0,0.855,0.879,0.032,0.307,49.299,9.0,0.2354,0.1491,0.3811,56.0,0.5788,1.0564,0.6917,0.8522,0.033,0.7
../calista/rating-based-dataset/images/english/168.png,3.6555806087936866,0.099,0.474,0.55,1.0,0.861,0.647,0.0,0.258,63.9027,11.0,0.3899,0.24,0.364,32.0,0.4489,1.0986,0.7514,0.8547,0.0533,0.3
../calista/rating-based-dataset/images/english/169.png,4.26330690826727,0.166,0.923,0.95,1.0,1.0,0.888,0.356,0.405,12.2757,6.0,0.1726,0.113,0.8292,76.0,0.6916,1.1862,0.721,0.839,0.0107,0.9
../calista/rating-based-dataset/images/english/17.png,4.934331797235023,0.155,0.615,0.51,1.0,0.898,0.802,0.138,0.669,56.3971,7.0,0.2189,0.1382,0.4806,46.0,0.5285,1.0521,0.6523,0.8581,0.0238,0.2
../calista/rating-based-dataset/images/english/170.png,5.676600441501104,0.204,0.64,0.85,1.0,0.832,0.703,0.042,0.177,55.0583,15.0,0.2202,0.1456,0.3306,52.0,0.558,1.3384,0.6079,0.7866,0.036,0.4
../calista/rating-based-dataset/images/english/171.png,4.412459720730397,0.129,0.924,0.14,1.0,0.791,0.511,0.036,0.505,37.6594,8.0,0.3872,0.2138,0.4383,21.0,0.3806,1.0087,0.7668,0.8744,0.0354,0.1
../calista/rating-based-dataset/images/english/172.png,5.196868008948546,0.172,0.796,0.79,1.0,1.0,0.529,0.476,0.188,3.5157,5.0,0.1427,0.1081,0.9045,63.0,0.6136,0.9857,0.7116,0.8806,0.0025,0.9
../calista/rating-based-dataset/images/english/173.png,4.3887043189368775,0.182,0.784,0.32,1.0,0.925,0.565,0.0,0.799,47.1804,15.0,0.3058,0.1994,0.5159,36.0,0.472,1.1107,0.7528,0.8536,0.0285,0.9
../calista/rating-based-dataset/images/english/174.png,4.535194174757281,0.13,0.91,0.87,1.0,0.766,0.504,0.143,0.875,38.816,5.0,0.3179,0.1735,0.7003,66.0,0.6334,0.906,0.8042,0.8921,0.034,0.9
../calista/rating-based-dataset/images/english/175.png,4.34113712374582,0.209,0.914,0.41,1.0,0.901,0.795,0.062,0.876,38.5154,9.0,0.2232,0.1389,0.54,48.0,0.537,1.4096,0.7013,0.8035,0.021,0.7
../calista/rating-based-dataset/images/english/176.png,3.8226164079822618,0.177,0.816,0.26,1.0,0.865,0.599,0.0,0.94,45.2913,10.0,0.3946,0.2488,0.5654,35.0,0.4666,1.0789,0.75,0.8642,0.0263,0.5
../calista/rating-based-dataset/images/english/177.png,5.0936768149882905,0.129,0.971,0.2,1.0,0.857,0.5,0.0,0.068,32.6932,15.0,0.3411,0.1908,0.2589,18.0,0.3574,0.9215,0.7611,0.8904,0.0291,0.4
../calista/rating-based-dataset/images/english/178.png,5.077929465301479,0.195,0.967,0.69,1.0,0.875,0.756,0.075,0.453,33.1885,8.0,0.2221,0.1466,0.4242,55.0,0.5711,1.5479,0.6222,0.7641,0.0227,0.2
../calista/rating-based-dataset/images/english/179.png,3.397577092511013,0.228,0.88,0.5,1.0,0.915,0.625,0.052,0.806,41.1197,9.0,0.2074,0.1524,0.7222,50.0,0.5462,1.1341,0.729,0.8532,0.0128,0.9
../calista/rating-based-dataset/images/english/18.png,2.9574353448275863,0.378,0.997,0.29,1.0,0.861,0.762,0.107,0.993,22.7246,6.0,0.3563,0.2177,0.6021,50.0,0.5476,1.258,0.7742,0.8221,0.0189,0.7
../calista/rating-based-dataset/images/english/180.png,3.517505470459519,0.175,0.929,0.16,1.0,0.849,0.538,0.072,0.849,37.1988,9.0,0.2334,0.1352,0.7089,30.0,0.4408,1.0905,0.7291,0.8708,0.0288,0.9
../calista/rating-based-dataset/images/english/181.png,5.534502923976608,0.135,0.976,0.7,1.0,0.806,0.547,0.51,0.36,31.9648,5.0,0.1474,0.0926,0.8425,60.0,0.597,1.0325,0.6441,0.8597,0.0228,0.2
../calista/rating-based-dataset/images/english/182.png,5.884361233480176,0.204,0.691,0.76,1.0,0.881,0.854,0.008,0.21,52.3403,17.0,0.2833,0.1574,0.3452,50.0,0.5482,1.0181,0.7045,0.873,0.0274,0.1
../calista/rating-based-dataset/images/english/183.png,4.183957219251337,0.135,0.236,0.65,1.0,0.875,0.656,0.0,0.15,79.1105,16.0,0.3157,0.2037,0.3171,33.0,0.4596,0.8547,0.7211,0.8994,0.0536,0.9
../calista/rating-based-dataset/images/english/184.png,4.897377423033067,0.143,0.624,0.21,1.0,0.918,0.617,0.0,0.983,55.9245,10.0,0.2744,0.1695,0.6488,31.0,0.4462,1.2017,0.6782,0.8218,0.0334,0.5
../calista/rating-based-dataset/images/english/185.png,5.2536764705882355,0.105,0.681,0.85,1.0,0.835,0.79,0.0,0.33,52.8764,15.0,0.4174,0.2181,0.3882,52.0,0.5595,0.6189,0.7793,0.9402,0.0447,0.1
../calista/rating-based-dataset/images/english/186.png,3.6958333333333333,0.128,0.935,0.2,1.0,1.0,0.651,0.631,0.281,13.3203,2.0,0.1308,0.1014,0.8678,38.0,0.4881,0.96,0.6397,0.886,0.0067,1.0
../calista/rating-based-dataset/images/english/187.png,4.447104677060134,0.132,0.37,0.23,1.0,0.852,0.731,0.0,0.117,69.8523,11.0,0.3789,0.2124,0.2975,17.0,0.3485,0.9962,0.7769,0.8758,0.0498,0.5
../calista/rating-based-dataset/images/english/188.png,3.082072176949942,0.272,0.997,0.53,1.0,1.0,0.48,0.729,0.144,27.3663,2.0,0.1038,0.0897,0.9265,60.0,0.5969,0.7807,0.6967,0.9163,0.0148,0.9
../calista/rating-based-dataset/images/english/189.png,3.1548423423423424,0.169,0.992,0.27,1.0,0.851,0.489,0.107,0.357,20.9592,6.0,0.2694,0.1607,0.3968,28.0,0.4273,1.0097,0.7141,0.8778,0.018,0.7
../calista/rating-based-dataset/images/english/19.png,3.8976377952755907,0.076,0.996,0.29,1.0,0.933,0.722,0.107,0.569,22.1322,6.0,0.3042,0.1729,0.7851,34.0,0.4616,0.9731,0.7816,0.877,0.0084,0.9
../calista/rating-based-dataset/images/english/190.png,3.7351973684210527,0.15,0.561,0.42,1.0,0.713,0.738,0.0,0.645,59.2159,16.0,0.3822,0.2345,0.4742,33.0,0.4553,0.9396,0.7616,0.8826,0.0527,0.9
../calista/rating-based-dataset/images/english/191.png,4.414798206278027,0.141,0.903,0.24,1.0,0.778,0.723,0.0,0.796,39.4108,14.0,0.3648,0.2054,0.5149,31.0,0.4447,0.9373,0.7217,0.8861,0.041,0.3
../calista/rating-based-dataset/images/english/192.png,4.582766439909297,0.168,0.898,0.66,1.0,0.886,0.779,0.041,0.983,39.7899,10.0,0.2259,0.1458,0.5912,61.0,0.6049,1.163,0.6552,0.8436,0.0262,1.0
../calista/rating-based-dataset/images/english/193.png,4.080110497237569,0.093,1.0,0.4,1.0,0.871,0.489,0.107,0.96,25.1014,6.0,0.3936,0.2282,0.6647,43.0,0.5143,1.1038,0.8357,0.8609,0.0205,1.0
../calista/rating-based-dataset/images/english/194.png,3.1283704572098476,0.129,0.831,0.25,1.0,0.794,0.597,0.0,0.109,44.3881,13.0,0.5251,0.2753,0.2925,20.0,0.3666,0.9671,0.8282,0.8726,0.043,0.5
../calista/rating-based-dataset/images/english/195.png,4.8552188552188555,0.166,0.163,0.4,1.0,0.828,0.809,0.0,0.196,85.5848,11.0,0.3153,0.2103,0.339,24.0,0.3993,0.8249,0.7083,0.9006,0.0503,0.6
../calista/rating-based-dataset/images/english/196.png,4.784378437843785,0.126,0.742,0.29,1.0,0.848,0.563,0.0,0.214,49.6023,11.0,0.3361,0.1879,0.3469,22.0,0.3858,0.6368,0.7725,0.9422,0.0512,0.9
../calista/rating-based-dataset/images/english/197.png,4.1398559423769505,0.185,0.582,0.37,1.0,0.9,0.651,0.0,0.327,58.126,13.0,0.3134,0.2036,0.3875,28.0,0.4298,0.8122,0.7367,0.9106,0.0418,0.8
../calista/rating-based-dataset/images/english/198.png,4.855371900826446,0.076,0.982,0.32,1.0,1.0,0.908,0.036,0.932,19.0079,8.0,0.3249,0.1824,0.6783,43.0,0.5133,0.9783,0.6221,0.8804,0.0084,0.6
../calista/rating-based-dataset/images/english/199.png,3.6298557158712543,0.517,0.935,0.69,1.0,0.918,0.726,0.65,0.395,36.6555,3.0,0.1115,0.098,0.8319,77.0,0.6981,1.2814,0.5694,0.8282,0.0172,0.9
../calista/rating-based-dataset/images/english/2.png,3.938908659549229,0.293,0.899,0.26,1.0,0.905,0.704,0.097,0.673,39.6526,8.0,0.2221,0.1388,0.7586,38.0,0.4872,1.1395,0.7233,0.8563,0.0199,0.9
../calista/rating-based-dataset/images/english/20.png,4.189057421451787,0.434,0.984,0.81,1.0,0.95,0.882,0.345,0.565,19.3206,6.0,0.169,0.1196,0.7861,78.0,0.7079,1.1528,0.6202,0.8416,0.0117,0.5
../calista/rating-based-dataset/images/english/200.png,5.273318872017353,0.124,0.997,0.51,1.0,0.936,0.517,0.0,0.056,22.5355,24.0,0.4345,0.2135,0.2461,32.0,0.4526,0.7089,0.7663,0.9245,0.0223,0.9
../calista/rating-based-dataset/images/english/201.png,5.106139438085328,0.114,0.571,0.49,1.0,0.849,0.796,0.0,0.1,58.6973,12.0,0.284,0.1792,0.2862,29.0,0.4324,0.7676,0.6914,0.9089,0.04,0.7
../calista/rating-based-dataset/images/english/202.png,4.28680479825518,0.213,0.715,0.77,1.0,0.935,0.756,0.0,0.935,51.0609,9.0,0.2325,0.1603,0.5628,65.0,0.6249,0.8136,0.6501,0.905,0.0171,0.9
../calista/rating-based-dataset/images/english/203.png,5.2956756756756755,0.561,0.851,0.76,1.0,0.782,0.724,0.483,0.673,43.1065,4.0,0.1456,0.1155,0.7584,78.0,0.7102,1.2891,0.62,0.822,0.0333,0.8
../calista/rating-based-dataset/images/english/204.png,3.0915570175438596,0.187,0.021,0.16,1.0,0.81,0.65,0.0,0.314,113.7195,9.0,0.3139,0.1973,0.3831,15.0,0.3274,1.0689,0.716,0.8546,0.0659,1.0
../calista/rating-based-dataset/images/english/205.png,4.923289183222958,0.117,0.605,0.18,1.0,0.813,0.618,0.0,0.003,56.9126,18.0,0.4056,0.2373,0.0887,15.0,0.3242,1.2198,0.7766,0.8203,0.045,0.3
../calista/rating-based-dataset/images/english/206.png,3.759927797833935,0.237,0.98,0.32,1.0,1.0,0.487,0.441,0.317,18.5515,2.0,0.18,0.1268,0.8559,42.0,0.5089,1.188,0.6063,0.8376,0.0118,1.0
../calista/rating-based-dataset/images/english/207.png,5.309625668449198,0.191,0.924,0.06,1.0,1.0,0.585,0.711,0.999,12.3576,3.0,0.1042,0.083,0.6264,48.0,0.5375,0.5519,0.6521,0.9536,0.0105,1.0
../calista/rating-based-dataset/images/english/208.png,4.73396017699115,0.105,0.454,0.2,1.0,0.856,0.648,0.0,0.556,64.985,13.0,0.2601,0.1701,0.4514,21.0,0.3801,1.2811,0.7027,0.8171,0.0244,0.7
../calista/rating-based-dataset/images/english/209.png,4.350867052023121,0.21,0.408,0.61,1.0,0.87,0.736,0.0,0.037,67.6245,14.0,0.2846,0.1741,0.2208,34.0,0.4637,0.9546,0.6897,0.8874,0.0387,0.9
../calista/rating-based-dataset/images/english/21.png,4.240068104426788,0.228,0.786,0.1,1.0,0.909,0.602,0.268,0.842,47.1067,6.0,0.1782,0.1387,0.7111,33.0,0.4604,0.8849,0.6622,0.9007,0.0199,0.5
../calista/rating-based-dataset/images/english/210.png,4.454739084132055,0.142,0.758,0.47,1.0,0.868,0.742,0.054,1.0,48.7013,8.0,0.2643,0.1538,0.6166,48.0,0.5386,1.1828,0.714,0.8499,0.0363,1.0
../calista/rating-based-dataset/images/english/211.png,5.014253135689851,0.197,0.671,0.63,1.0,0.774,0.756,0.002,0.177,53.4091,12.0,0.2491,0.1592,0.3307,39.0,0.4891,1.1519,0.635,0.8299,0.0348,0.2
../calista/rating-based-dataset/images/english/212.png,5.266739846322722,0.177,0.322,0.5,1.0,0.935,0.6,0.0,0.434,72.8999,13.0,0.3154,0.1786,0.4189,33.0,0.4605,0.9304,0.6763,0.8884,0.0256,0.9
../calista/rating-based-dataset/images/english/213.png,3.2353279631760645,0.12,0.635,0.37,1.0,0.83,0.718,0.125,0.995,55.3428,6.0,0.2329,0.154,0.6042,41.0,0.5039,0.7115,0.7101,0.9235,0.0375,0.8
../calista/rating-based-dataset/images/english/214.png,3.960772833723653,0.181,0.927,0.07,1.0,0.861,0.589,0.143,0.876,37.378,5.0,0.242,0.1645,0.6999,29.0,0.4332,0.9843,0.7222,0.8738,0.0293,1.0
../calista/rating-based-dataset/images/english/215.png,4.320799059929494,0.111,0.665,0.48,1.0,0.794,0.566,0.0,0.064,53.7604,17.0,0.4854,0.2532,0.2547,26.0,0.4117,1.0166,0.8241,0.8729,0.0455,0.5
../calista/rating-based-dataset/images/english/216.png,5.432860262008734,0.091,0.573,0.88,1.0,0.929,0.68,0.035,0.383,58.5555,11.0,0.2909,0.1479,0.4046,55.0,0.5723,0.4873,0.8465,0.9581,0.0538,0.8
../calista/rating-based-dataset/images/english/217.png,5.2786697247706424,0.18,0.904,0.08,1.0,0.833,0.509,0.245,0.709,39.2867,6.0,0.2045,0.1252,0.7489,28.0,0.4245,1.0829,0.6902,0.8504,0.0189,0.5
../calista/rating-based-dataset/images/english/218.png,4.015410958904109,0.177,0.513,0.58,1.0,0.9,0.683,0.0,0.008,61.7759,15.0,0.3197,0.2046,0.1337,32.0,0.4533,1.1522,0.7148,0.8514,0.0337,0.2
../calista/rating-based-dataset/images/english/219.png,4.958959537572254,0.104,0.322,0.16,1.0,0.823,0.455,0.0,0.016,72.9132,17.0,0.4152,0.2295,0.1736,12.0,0.2919,1.0187,0.7571,0.8596,0.0599,0.9
../calista/rating-based-dataset/images/english/22.png,3.65171650055371,0.188,0.999,0.27,1.0,0.855,0.357,0.036,0.857,23.4087,8.0,0.2739,0.1785,0.7063,34.0,0.4633,0.6587,0.7026,0.9337,0.0296,0.7
../calista/rating-based-dataset/images/english/220.png,3.6400862068965516,0.087,0.443,0.09,1.0,0.854,0.371,0.0,0.002,65.5795,26.0,0.4226,0.2436,0.0656,11.0,0.2736,0.8261,0.7787,0.8991,0.0547,0.2
../calista/rating-based-dataset/images/english/221.png,4.69811320754717,0.13,0.384,0.08,1.0,0.887,0.605,0.0,0.235,69.0416,12.0,0.343,0.1978,0.3554,14.0,0.3147,1.1011,0.7178,0.8427,0.0407,0.3
../calista/rating-based-dataset/images/english/222.png,2.81505376344086,0.177,0.822,0.6,1.0,1.0,0.731,0.036,0.911,5.1054,8.0,0.4532,0.284,0.5527,58.0,0.5856,1.2137,0.8003,0.8357,0.0099,0.9
../calista/rating-based-dataset/images/english/223.png,2.4002145922746783,0.208,0.527,0.06,1.0,0.884,0.536,0.0,0.303,60.9961,9.0,0.3003,0.208,0.3797,16.0,0.3326,0.9856,0.8472,0.8666,0.0286,0.5
../calista/rating-based-dataset/images/english/224.png,4.987425149700599,0.195,0.055,0.74,1.0,0.863,0.751,0.0,0.158,101.7173,14.0,0.2517,0.1724,0.3211,39.0,0.4889,1.5392,0.6669,0.7664,0.0507,0.1
../calista/rating-based-dataset/images/english/225.png,4.512931034482759,0.141,0.507,0.34,1.0,0.855,0.557,0.0,0.516,62.1049,14.0,0.3161,0.1835,0.4411,27.0,0.4188,0.7736,0.7016,0.9184,0.0348,1.0
../calista/rating-based-dataset/images/english/226.png,5.142451759364358,0.133,0.932,0.22,1.0,0.848,0.731,0.0,0.537,36.9123,15.0,0.3601,0.2115,0.4466,27.0,0.4213,1.0012,0.7146,0.8727,0.0329,0.8
../calista/rating-based-dataset/images/english/227.png,4.823458282950424,0.199,0.982,0.21,1.0,0.805,0.498,0.085,0.919,31.0047,7.0,0.2521,0.1553,0.5561,34.0,0.4638,0.9866,0.6956,0.8774,0.0209,0.9
../calista/rating-based-dataset/images/english/228.png,5.577726218097448,0.149,0.763,0.39,0.848,0.788,0.637,0.228,0.216,48.3914,17.0,0.182,0.1125,0.3477,29.0,0.4342,0.9977,0.6492,0.8784,0.0258,0.8
../calista/rating-based-dataset/images/english/229.png,3.764837625979843,0.169,0.769,0.39,1.0,0.863,0.769,0.0,0.998,48.0365,11.0,0.3158,0.2162,0.61,44.0,0.5145,0.9402,0.7308,0.8871,0.0337,0.9
../calista/rating-based-dataset/images/english/23.png,3.801321138211382,0.202,0.92,0.79,1.0,0.854,0.563,0.808,0.145,37.991,2.0,0.0883,0.0751,0.9257,70.0,0.6555,1.116,0.6459,0.832,0.0122,1.0
../calista/rating-based-dataset/images/english/230.png,6.014254385964913,0.108,0.036,0.1,1.0,0.908,0.739,0.038,0.721,107.1628,16.0,0.2594,0.1469,0.4942,19.0,0.36,0.3852,0.7722,0.9758,0.0475,0.4
../calista/rating-based-dataset/images/english/231.png,5.568530701754386,0.112,0.753,0.32,1.0,0.931,0.617,0.0,0.006,48.9956,16.0,0.3408,0.1813,0.1224,22.0,0.3834,0.9262,0.7301,0.8891,0.0203,0.9
../calista/rating-based-dataset/images/english/232.png,5.302980132450331,0.139,0.271,0.58,1.0,0.836,0.673,0.0,0.158,76.4161,14.0,0.4012,0.192,0.3212,30.0,0.4408,0.6382,0.7895,0.9394,0.0545,0.9
../calista/rating-based-dataset/images/english/233.png,5.636871508379889,0.091,0.181,0.09,1.0,0.844,0.263,0.0,0.005,83.8585,18.0,0.3539,0.1968,0.1156,9.0,0.2513,0.5133,0.7723,0.9568,0.0653,0.3
../calista/rating-based-dataset/images/english/234.png,4.27497062279671,0.201,0.476,0.35,1.0,0.937,0.696,0.0,0.124,63.7786,12.0,0.2792,0.1832,0.3019,25.0,0.4065,1.1743,0.7407,0.845,0.026,0.1
../calista/rating-based-dataset/images/english/235.png,5.657502863688431,0.195,0.998,0.65,0.494,0.874,0.433,0.053,0.381,23.0115,16.0,0.3083,0.142,0.4038,37.0,0.4812,0.5245,0.715,0.9539,0.0217,0.7
../calista/rating-based-dataset/images/english/236.png,2.4542025862068964,0.135,0.282,0.31,1.0,0.751,0.763,0.0,0.364,75.6046,11.0,0.4296,0.2867,0.3988,22.0,0.3826,1.1901,0.7808,0.8347,0.0622,0.1
../calista/rating-based-dataset/images/english/237.png,4.087690631808279,0.26,0.033,0.57,1.0,0.922,0.473,0.476,0.774,108.2597,4.0,0.149,0.1153,0.5087,54.0,0.5679,1.418,0.6173,0.7823,0.0421,0.8
../calista/rating-based-dataset/images/english/238.png,3.1606538895152196,0.214,0.999,0.11,1.0,0.865,0.53,0.1,0.765,26.1225,7.0,0.2172,0.1526,0.7338,29.0,0.4337,1.2743,0.6868,0.8216,0.0187,0.7
../calista/rating-based-dataset/images/english/239.png,3.7308934337997846,0.167,0.388,0.38,1.0,0.815,0.712,0.0,0.498,68.7576,15.0,0.2937,0.1798,0.4363,28.0,0.4304,1.1118,0.7273,0.8408,0.043,1.0
../calista/rating-based-dataset/images/english/24.png,3.7894444444444444,0.128,0.328,0.72,1.0,0.869,0.747,0.0,0.119,72.4962,11.0,0.2734,0.1791,0.2988,38.0,0.4854,0.9188,0.763,0.8814,0.049,0.9
../calista/rating-based-dataset/images/english/240.png,4.985005767012687,0.205,0.282,0.81,1.0,0.927,0.885,0.26,0.016,75.6199,12.0,0.1651,0.1151,0.173,53.0,0.5604,1.6179,0.5974,0.7494,0.0288,0.9
../calista/rating-based-dataset/images/english/241.png,5.432494279176201,0.253,0.998,0.81,1.0,0.944,0.735,0.421,0.144,27.1042,10.0,0.1336,0.0855,0.3135,67.0,0.6389,1.7959,0.5819,0.6759,0.0127,0.1
../calista/rating-based-dataset/images/english/242.png,6.235619469026549,0.119,0.986,0.16,1.0,0.769,0.686,0.0,0.02,30.4063,13.0,0.3461,0.1934,0.1853,17.0,0.343,0.5734,0.7589,0.9453,0.0303,0.7
../calista/rating-based-dataset/images/english/243.png,4.890857142857143,0.094,0.596,0.23,1.0,0.833,0.495,0.0,0.182,57.3787,18.0,0.431,0.2275,0.3329,17.0,0.3464,0.9289,0.7866,0.8907,0.0355,0.1
../calista/rating-based-dataset/images/english/244.png,4.635011441647597,0.161,0.987,0.53,1.0,0.815,0.649,0.0,0.992,19.7932,9.0,0.3164,0.1714,0.6004,51.0,0.553,0.7775,0.7916,0.9179,0.0203,0.9
../calista/rating-based-dataset/images/english/245.png,4.619662921348315,0.156,0.56,0.74,1.0,0.847,0.801,0.0,0.301,59.2507,18.0,0.2826,0.1861,0.379,46.0,0.5287,0.8916,0.7205,0.9026,0.035,0.5
../calista/rating-based-dataset/images/english/246.png,1.8366701791359326,0.324,0.957,0.06,1.0,1.0,0.037,1.0,0.065,15.5232,1.0,0.0243,0.0347,0.9842,36.0,0.4747,0.6617,0.7535,0.9358,0.0049,0.6
../calista/rating-based-dataset/images/english/247.png,4.2547806524184475,0.114,0.832,0.15,1.0,0.887,0.769,0.0,0.228,44.2972,9.0,0.4093,0.2389,0.3526,20.0,0.3679,0.7207,0.7966,0.9231,0.0337,0.2
../calista/rating-based-dataset/images/english/248.png,4.664861612515042,0.113,0.996,0.13,1.0,0.863,0.413,0.073,0.82,28.0146,7.0,0.3099,0.1596,0.5219,26.0,0.4175,0.9896,0.7272,0.8781,0.02,0.3
../calista/rating-based-dataset/images/english/249.png,4.2441025641025645,0.158,0.929,0.24,1.0,0.898,0.673,0.0,0.533,37.1845,12.0,0.3459,0.2122,0.4456,29.0,0.4318,0.975,0.7159,0.8803,0.0227,0.1
../calista/rating-based-dataset/images/english/25.png,3.937777777777778,0.119,0.493,0.73,1.0,0.855,0.597,0.0,0.734,62.8413,10.0,0.3175,0.1873,0.4976,50.0,0.5477,1.1255,0.7414,0.8429,0.0441,0.6
../calista/rating-based-dataset/images/english/250.png,6.253871681415929,0.139,0.642,0.26,1.0,0.767,0.598,0.0,0.004,54.9598,15.0,0.3414,0.1893,0.0992,17.0,0.3464,0.8928,0.7292,0.8755,0.0413,0.4
../calista/rating-based-dataset/images/english/251.png,4.441466083150985,0.124,0.86,0.36,1.0,0.663,0.645,0.0,0.632,42.4853,14.0,0.3397,0.2132,0.4709,30.0,0.4404,1.0469,0.7223,0.8713,0.0398,0.6
../calista/rating-based-dataset/images/english/252.png,4.122047244094488,0.157,0.618,0.35,1.0,0.854,0.7,0.0,0.278,56.2196,13.0,0.3246,0.2059,0.3712,26.0,0.4155,1.108,0.7272,0.8457,0.0401,0.8
../calista/rating-based-dataset/images/english/253.png,5.060622914349277,0.128,0.514,0.32,1.0,0.852,0.64,0.0,0.223,61.6983,14.0,0.3247,0.1938,0.3504,22.0,0.3868,0.9518,0.7191,0.8825,0.0331,0.7
../calista/rating-based-dataset/images/english/254.png,4.26006528835691,0.08,0.669,0.34,1.0,0.791,0.472,0.0,0.036,53.5115,16.0,0.4499,0.234,0.2195,19.0,0.3592,0.9643,0.774,0.8768,0.0452,0.8
../calista/rating-based-dataset/images/english/255.png,4.660443407234539,0.237,0.401,0.51,0.449,0.874,0.384,0.064,0.158,68.0421,14.0,0.2306,0.1382,0.3209,22.0,0.3847,1.3003,0.6199,0.7716,0.0303,0.5
../calista/rating-based-dataset/images/english/256.png,4.042586750788644,0.107,0.481,0.24,1.0,0.854,0.671,0.0,0.113,63.5065,17.0,0.3832,0.2131,0.295,18.0,0.3501,0.8682,0.7668,0.8929,0.0505,0.4
../calista/rating-based-dataset/images/english/257.png,5.282065834279228,0.111,0.956,0.23,1.0,0.859,0.753,0.0,0.375,34.5754,16.0,0.4437,0.2131,0.4021,25.0,0.4081,0.6911,0.7639,0.9253,0.0311,0.7
../calista/rating-based-dataset/images/english/258.png,5.888580931263858,0.116,0.979,0.09,1.0,0.748,0.472,0.0,0.876,31.5196,11.0,0.2918,0.1718,0.5398,23.0,0.3932,0.7361,0.7154,0.9169,0.0336,0.5
../calista/rating-based-dataset/images/english/259.png,3.8350877192982455,0.094,0.791,0.62,1.0,0.81,0.638,0.0,0.476,46.7636,13.0,0.4832,0.2396,0.4304,41.0,0.5029,0.9613,0.8131,0.8866,0.0523,0.9
../calista/rating-based-dataset/images/english/26.png,4.551587301587301,0.137,0.932,0.33,1.0,1.0,0.571,0.304,0.201,13.0274,7.0,0.1583,0.1299,0.8986,35.0,0.4672,0.8366,0.6874,0.9037,0.0055,1.0
../calista/rating-based-dataset/images/english/260.png,5.195121951219512,0.173,0.84,0.16,1.0,0.918,0.579,0.284,0.532,43.7827,7.0,0.1817,0.118,0.4452,30.0,0.4424,1.5079,0.6032,0.7632,0.0263,0.6
../calista/rating-based-dataset/images/english/261.png,4.976948408342481,0.133,0.197,0.71,1.0,0.901,0.802,0.0,0.291,82.3856,12.0,0.3023,0.1922,0.3757,41.0,0.4992,0.953,0.682,0.8741,0.0616,0.7
../calista/rating-based-dataset/images/english/262.png,4.4949267192784665,0.226,0.936,0.04,1.0,1.0,0.107,0.899,0.129,13.3952,2.0,0.0773,0.0526,0.9349,31.0,0.4487,0.5994,0.6802,0.9399,0.006,1.0
../calista/rating-based-dataset/images/english/263.png,5.259933774834437,0.238,0.876,0.62,1.0,0.965,0.431,0.93,0.101,8.6566,2.0,0.0658,0.0511,0.9529,65.0,0.627,0.3853,0.6953,0.9772,0.0078,1.0
../calista/rating-based-dataset/images/english/264.png,3.9994337485843716,0.11,0.621,0.51,1.0,0.783,0.666,0.0,0.187,56.0494,15.0,0.3183,0.1741,0.3351,29.0,0.4346,0.8803,0.7207,0.9011,0.049,1.0
../calista/rating-based-dataset/images/english/265.png,5.961134453781512,0.223,0.999,0.09,1.0,0.856,0.286,0.039,0.194,23.8766,10.0,0.2627,0.1465,0.3381,17.0,0.3485,0.6406,0.7053,0.9412,0.0178,0.7
../calista/rating-based-dataset/images/english/266.png,5.9363636363636365,0.096,0.692,0.1,1.0,0.866,0.6,0.0,0.038,52.3075,17.0,0.4551,0.2399,0.2226,14.0,0.3113,0.9529,0.7857,0.8905,0.0448,0.3
../calista/rating-based-dataset/images/english/267.png,5.154347826086957,0.189,0.301,0.41,1.0,0.86,0.752,0.0,0.229,74.2786,15.0,0.3524,0.2156,0.3528,26.0,0.4171,0.7522,0.7367,0.9212,0.0502,0.3
../calista/rating-based-dataset/images/english/268.png,5.911308203991131,0.119,0.286,0.3,1.0,0.86,0.625,0.0,0.003,75.3615,27.0,0.3483,0.1873,0.0923,17.0,0.3439,0.5266,0.744,0.9528,0.0526,0.1
../calista/rating-based-dataset/images/english/269.png,6.640314136125655,0.103,0.807,0.58,1.0,0.879,0.532,0.0,0.006,45.8535,21.0,0.5249,0.2337,0.1261,31.0,0.4477,0.3749,0.8507,0.9751,0.0444,0.2
../calista/rating-based-dataset/images/english/27.png,5.091533180778032,0.14,0.973,0.12,1.0,0.814,0.458,0.096,0.752,32.4585,7.0,0.2659,0.1516,0.5025,26.0,0.4119,0.6184,0.7145,0.933,0.027,0.1
../calista/rating-based-dataset/images/english/270.png,6.143174250832408,0.091,0.823,0.51,1.0,0.857,0.606,0.0,0.244,44.858,19.0,0.4524,0.2228,0.3586,32.0,0.4532,0.5433,0.7942,0.9576,0.0422,1.0
../calista/rating-based-dataset/images/english/271.png,4.434782608695652,0.202,1.0,0.5,1.0,0.881,0.745,0.342,0.882,24.0355,6.0,0.1813,0.1106,0.5419,60.0,0.6012,1.0755,0.6673,0.8655,0.0147,1.0
../calista/rating-based-dataset/images/english/272.png,6.715948777648428,0.172,0.969,0.34,1.0,0.781,0.416,0.247,0.03,17.0477,13.0,0.1757,0.1111,0.2074,27.0,0.4214,0.5477,0.6275,0.9476,0.0128,0.9
../calista/rating-based-dataset/images/english/273.png,3.5548016701461376,0.119,0.404,0.52,1.0,0.836,0.596,0.0,0.127,67.8172,12.0,0.3426,0.2154,0.3037,27.0,0.4209,0.8826,0.7393,0.8955,0.0506,0.7
../calista/rating-based-dataset/images/english/274.png,5.536177105831533,0.172,0.998,0.12,1.0,0.86,0.638,0.178,0.963,23.2316,6.0,0.2182,0.137,0.6625,35.0,0.4667,0.455,0.7015,0.9644,0.0193,0.7
../calista/rating-based-dataset/images/english/275.png,3.541436464088398,0.395,0.905,0.15,1.0,0.837,0.572,0.179,0.494,39.2043,4.0,0.2907,0.2097,0.4354,32.0,0.452,0.7916,0.6894,0.9136,0.0221,0.5
../calista/rating-based-dataset/images/english/276.png,5.876637554585153,0.105,0.971,0.75,1.0,0.92,0.763,0.0,0.593,32.7528,18.0,0.3394,0.1705,0.461,57.0,0.5821,0.9619,0.7687,0.8908,0.0239,0.9
../calista/rating-based-dataset/images/english/277.png,4.7397186147186146,0.125,1.0,0.64,1.0,0.933,0.68,0.054,0.779,25.2715,9.0,0.244,0.1415,0.7299,56.0,0.5787,1.1141,0.7094,0.8623,0.0175,0.9
../calista/rating-based-dataset/images/english/278.png,4.502923976608187,0.198,0.993,0.08,1.0,1.0,0.399,0.849,0.127,21.2994,3.0,0.0687,0.0644,0.9358,35.0,0.4693,0.9038,0.668,0.8748,0.0108,0.7
../calista/rating-based-dataset/images/english/279.png,4.631190727081138,0.202,0.979,0.5,1.0,0.791,0.529,0.177,0.564,31.4968,5.0,0.2248,0.1484,0.7864,45.0,0.5231,0.9488,0.7527,0.8904,0.024,0.6
../calista/rating-based-dataset/images/english/28.png,5.025700934579439,0.075,0.894,0.14,1.0,0.725,0.577,0.0,0.116,40.0723,16.0,0.4926,0.2458,0.2969,15.0,0.3235,0.7115,0.7926,0.9235,0.0436,1.0
../calista/rating-based-dataset/images/english/280.png,4.544086021505376,0.138,0.762,0.18,1.0,0.818,0.587,0.0,0.94,48.4595,11.0,0.3613,0.2226,0.5653,28.0,0.4292,1.2363,0.7196,0.8292,0.0379,0.3
../calista/rating-based-dataset/images/english/281.png,5.087248322147651,0.187,0.99,0.22,1.0,0.917,0.493,0.413,0.539,29.4572,5.0,0.1772,0.102,0.7929,38.0,0.4839,0.8465,0.7196,0.9091,0.0223,0.5
../calista/rating-based-dataset/images/english/282.png,5.743756786102063,0.107,0.747,0.45,1.0,0.853,0.733,0.0,0.06,49.2992,25.0,0.3964,0.2067,0.2514,27.0,0.4232,1.0001,0.7371,0.8708,0.0407,0.3
../calista/rating-based-dataset/images/english/283.png,5.4575268817204305,0.121,0.714,0.31,1.0,0.851,0.83,0.0,0.477,51.0986,11.0,0.3087,0.1968,0.4308,29.0,0.4315,1.2399,0.7535,0.8288,0.0474,0.9
../calista/rating-based-dataset/images/english/284.png,2.624263839811543,0.374,0.873,0.71,1.0,0.919,0.929,0.791,0.226,8.3859,4.0,0.0781,0.0644,0.8884,76.0,0.692,1.1598,0.696,0.8524,0.0094,0.7
../calista/rating-based-dataset/images/english/286.png,6.6560364464692485,0.101,0.891,0.33,1.0,0.833,0.77,0.0,0.292,40.3043,13.0,0.3182,0.1798,0.3758,27.0,0.4206,0.8883,0.7322,0.9029,0.0293,0.5
../calista/rating-based-dataset/images/english/287.png,4.136158192090395,0.228,0.809,0.38,1.0,1.0,0.714,0.119,0.699,4.29,7.0,0.2154,0.1474,0.7517,45.0,0.5209,1.1173,0.6409,0.8565,0.0064,1.0
../calista/rating-based-dataset/images/english/288.png,5.320484581497797,0.182,0.994,0.92,1.0,0.949,0.892,0.134,0.991,21.576,8.0,0.2029,0.14,0.599,79.0,0.7127,1.1591,0.6818,0.8193,0.0117,0.5
../calista/rating-based-dataset/images/english/289.png,4.603613177470776,0.143,0.734,0.35,1.0,0.805,0.628,0.0,0.123,50.0319,18.0,0.3832,0.2297,0.3012,23.0,0.3953,0.7955,0.768,0.9169,0.0382,1.0
../calista/rating-based-dataset/images/english/29.png,4.157632743362832,0.12,0.502,0.12,1.0,0.871,0.576,0.0,0.29,62.3798,15.0,0.337,0.202,0.3752,16.0,0.3336,1.1189,0.7264,0.8526,0.0458,0.5
../calista/rating-based-dataset/images/english/290.png,4.175489067894131,0.361,0.973,0.7,1.0,0.831,0.851,0.179,0.907,32.3767,4.0,0.2347,0.1684,0.6886,71.0,0.6621,0.9022,0.6689,0.8899,0.0238,0.5
../calista/rating-based-dataset/images/english/291.png,3.984478935698448,0.3,0.894,0.11,1.0,0.887,0.92,0.122,0.578,40.0564,6.0,0.2138,0.1728,0.4571,32.0,0.4513,1.0076,0.655,0.8607,0.015,0.9
../calista/rating-based-dataset/images/english/292.png,2.643162393162393,0.233,0.23,0.82,1.0,0.845,0.849,0.107,0.376,79.5349,6.0,0.3081,0.2036,0.4025,54.0,0.5686,1.5181,0.7151,0.7649,0.0377,0.7
../calista/rating-based-dataset/images/english/293.png,3.6466083150984683,0.25,0.877,0.5,1.0,0.839,0.74,0.143,0.593,41.2856,5.0,0.3549,0.2631,0.779,49.0,0.5402,1.0025,0.8288,0.8796,0.0243,0.0
../calista/rating-based-dataset/images/english/294.png,5.413921360255048,0.152,0.354,0.13,1.0,0.797,0.78,0.0,0.344,70.8753,15.0,0.312,0.1765,0.3928,17.0,0.3429,0.8987,0.6767,0.8953,0.0452,0.0
../calista/rating-based-dataset/images/english/295.png,5.271241830065359,0.118,0.976,0.25,1.0,0.761,0.529,0.0,0.66,32.0516,9.0,0.2855,0.1666,0.4783,27.0,0.4212,1.0611,0.7421,0.8561,0.0312,1.0
../calista/rating-based-dataset/images/english/297.png,5.961621621621622,0.096,0.5,0.24,0.534,0.846,0.557,0.017,0.004,62.4734,19.0,0.2856,0.1542,0.1007,12.0,0.2867,1.2114,0.6968,0.8389,0.0345,0.3
../calista/rating-based-dataset/images/english/298.png,6.246887966804979,0.18,0.07,0.46,0.819,0.896,0.521,0.0,0.048,98.4669,14.0,0.2716,0.1702,0.2372,20.0,0.3693,0.5675,0.6608,0.9463,0.0301,0.1
../calista/rating-based-dataset/images/english/299.png,6.360244988864142,0.191,0.579,0.87,1.0,0.863,0.926,0.359,0.999,58.2461,6.0,0.1589,0.1229,0.625,77.0,0.7011,1.3048,0.6467,0.8255,0.0355,0.7
../calista/rating-based-dataset/images/english/3.png,4.591212458286986,0.279,0.795,0.63,1.0,0.963,0.652,0.743,0.958,46.546,4.0,0.0944,0.0678,0.5742,78.0,0.704,1.4437,0.6511,0.7962,0.0119,0.8
../calista/rating-based-dataset/images/english/30.png,3.0055555555555555,0.225,0.826,0.39,1.0,0.798,0.745,0.107,0.789,44.6634,6.0,0.2541,0.1848,0.727,43.0,0.5131,1.2819,0.6938,0.8177,0.0398,1.0
../calista/rating-based-dataset/images/english/300.png,3.9319429198682765,0.117,0.22,0.41,1.0,0.779,0.672,0.0,0.687,80.3568,9.0,0.3953,0.2326,0.4851,29.0,0.4337,1.0027,0.7437,0.871,0.0666,0.8
../calista/rating-based-dataset/images/english/302.png,6.030711206896552,0.147,0.987,0.48,1.0,0.713,0.564,0.518,0.998,30.1367,5.0,0.1418,0.0945,0.6091,59.0,0.5945,1.5529,0.6173,0.7486,0.0178,1.0
../calista/rating-based-dataset/images/english/303.png,3.3992117117117115,0.197,0.093,0.36,1.0,0.864,0.633,0.107,0.176,94.2981,10.0,0.2133,0.1288,0.3299,23.0,0.3948,0.9437,0.7439,0.8616,0.0411,0.5
../calista/rating-based-dataset/images/english/304.png,3.305526036131775,0.096,0.001,0.86,1.0,0.767,0.658,0.0,0.101,146.8554,15.0,0.3298,0.2342,0.2866,37.0,0.4823,0.8064,0.7856,0.9034,0.0885,0.1
../calista/rating-based-dataset/images/english/305.png,3.035632183908046,0.196,0.703,0.26,1.0,0.705,0.414,0.214,0.978,51.6887,3.0,0.3507,0.2326,0.5872,35.0,0.4696,0.9203,0.7986,0.8851,0.0372,0.9
../calista/rating-based-dataset/images/english/306.png,5.368125701459035,0.148,0.031,0.45,1.0,0.896,0.661,0.116,0.045,108.9992,9.0,0.2044,0.1329,0.2325,24.0,0.4015,1.2059,0.616,0.7995,0.0491,0.1
../calista/rating-based-dataset/images/english/307.png,2.287862513426423,0.167,0.705,0.1,0.465,0.786,0.391,0.036,0.953,51.5898,8.0,0.3955,0.2207,0.6685,17.0,0.3459,0.409,0.6472,0.973,0.0505,0.3
../calista/rating-based-dataset/images/english/308.png,1.892075078206465,0.467,0.262,0.18,1.0,0.811,0.604,0.179,0.217,77.0995,4.0,0.2423,0.1893,0.3482,25.0,0.4049,0.7812,0.7342,0.9169,0.0418,0.6
../calista/rating-based-dataset/images/english/309.png,1.4869281045751634,0.105,0.022,0.63,1.0,0.684,0.679,0.143,0.83,113.1051,5.0,0.4418,0.2903,0.525,42.0,0.5066,0.9879,0.864,0.871,0.0856,0.9
../calista/rating-based-dataset/images/english/310.png,5.399671052631579,0.153,0.68,0.36,0.989,0.803,0.572,0.0,0.313,52.9403,15.0,0.3132,0.1856,0.3829,25.0,0.4108,0.4825,0.6818,0.962,0.0341,0.5
../calista/rating-based-dataset/images/english/311.png,2.464039408866995,0.123,0.489,0.13,0.245,0.788,0.758,0.0,0.235,63.0494,12.0,0.5857,0.2565,0.3554,10.0,0.2576,0.8326,0.705,0.9065,0.0466,0.9
../calista/rating-based-dataset/images/english/312.png,2.443894389438944,0.295,0.956,0.07,1.0,0.674,0.529,0.321,0.434,34.5621,1.0,0.2128,0.1415,0.8211,26.0,0.4116,1.0807,0.7289,0.8517,0.033,0.9
../calista/rating-based-dataset/images/english/313.png,2.384782608695652,0.146,0.808,0.3,1.0,0.832,0.554,0.036,0.103,45.7792,8.0,0.2248,0.1923,0.2885,22.0,0.3877,0.6229,0.7548,0.9384,0.0361,0.7
../calista/rating-based-dataset/images/english/314.png,2.9968421052631578,0.276,0.434,0.66,1.0,0.865,0.618,0.197,0.968,66.138,4.0,0.2121,0.1603,0.5806,61.0,0.603,1.3462,0.6679,0.7809,0.0432,0.9
../calista/rating-based-dataset/images/english/315.png,3.502744237102086,0.093,0.941,0.25,1.0,0.746,0.528,0.0,0.429,36.0976,19.0,0.3906,0.2146,0.4175,23.0,0.3905,0.5743,0.7889,0.9459,0.0386,0.7
../calista/rating-based-dataset/images/english/316.png,4.538205980066445,0.122,0.738,0.51,1.0,0.854,0.794,0.107,0.993,49.7973,6.0,0.313,0.2087,0.6019,51.0,0.5539,0.9974,0.7174,0.8746,0.037,0.1
../calista/rating-based-dataset/images/english/317.png,4.4178321678321675,0.24,0.567,0.34,1.0,0.845,0.852,0.094,0.446,58.8876,11.0,0.2031,0.1415,0.4223,34.0,0.4611,1.3068,0.6519,0.8031,0.0387,0.2
../calista/rating-based-dataset/images/english/318.png,4.5131856540084385,0.139,0.237,0.61,1.0,0.765,0.728,0.0,0.535,78.9817,10.0,0.321,0.1766,0.446,37.0,0.4809,1.2864,0.7107,0.8093,0.0553,0.0
../calista/rating-based-dataset/images/english/319.png,4.133592017738359,0.202,0.541,0.09,1.0,0.853,0.731,0.071,0.623,60.2814,7.0,0.3302,0.2072,0.4687,23.0,0.3914,1.0791,0.7576,0.8627,0.0379,0.5
../calista/rating-based-dataset/images/english/32.png,5.2898550724637685,0.197,0.042,0.56,1.0,0.956,0.44,0.211,0.471,104.9876,11.0,0.1626,0.134,0.4292,39.0,0.4895,0.7833,0.6118,0.9138,0.0274,0.0
../calista/rating-based-dataset/images/english/320.png,4.819460067491564,0.16,0.053,0.57,1.0,0.869,0.771,0.0,0.15,102.152,13.0,0.2281,0.163,0.317,29.0,0.4366,1.0023,0.6949,0.8786,0.0512,0.0
../calista/rating-based-dataset/images/english/321.png,5.297149122807017,0.116,0.062,0.66,1.0,0.839,0.629,0.143,0.954,100.0825,5.0,0.3199,0.2178,0.5722,49.0,0.5442,0.6303,0.7489,0.9408,0.0833,0.9
../calista/rating-based-dataset/images/english/322.png,5.194760820045558,0.216,0.054,0.14,1.0,0.88,0.693,0.0,0.497,101.8467,10.0,0.2397,0.1725,0.4361,18.0,0.3562,1.2524,0.6515,0.82,0.045,0.0
../calista/rating-based-dataset/images/english/323.png,2.496268656716418,0.104,0.038,0.54,1.0,0.782,0.581,0.0,0.074,106.3637,17.0,0.3845,0.2171,0.2646,23.0,0.3906,0.7433,0.7792,0.9098,0.0832,0.1
../calista/rating-based-dataset/images/english/324.png,4.224235560588902,0.156,0.505,0.2,1.0,0.823,0.662,0.036,0.705,62.1747,8.0,0.4102,0.2503,0.49,25.0,0.4088,1.1581,0.79,0.8374,0.0462,0.7
../calista/rating-based-dataset/images/english/325.png,5.181130171543895,0.159,0.177,0.15,1.0,0.833,0.654,0.0,0.012,84.1947,16.0,0.2929,0.1983,0.1593,13.0,0.3018,1.1979,0.7328,0.8314,0.0437,0.9
../calista/rating-based-dataset/images/english/326.png,4.255651237890205,0.14,0.659,0.24,1.0,0.925,0.667,0.122,0.018,54.0816,15.0,0.199,0.1353,0.1794,21.0,0.3804,1.0506,0.7176,0.8552,0.0316,0.0
../calista/rating-based-dataset/images/english/327.png,3.8410064239828694,0.14,0.47,0.34,1.0,0.801,0.665,0.0,0.736,64.1238,10.0,0.3298,0.1999,0.4982,30.0,0.4395,1.1946,0.7657,0.8103,0.0559,1.0
../calista/rating-based-dataset/images/english/328.png,5.5893258426966295,0.113,0.003,0.42,1.0,0.865,0.611,0.0,0.013,135.0304,20.0,0.3384,0.2067,0.1615,19.0,0.3604,0.6124,0.758,0.9413,0.0685,0.1
../calista/rating-based-dataset/images/english/329.png,5.011111111111111,0.14,0.743,0.58,1.0,0.843,0.867,0.036,0.515,49.502,8.0,0.28,0.1909,0.4408,45.0,0.5222,1.0588,0.701,0.8626,0.0355,0.5
../calista/rating-based-dataset/images/english/33.png,3.6210227272727273,0.309,0.844,0.74,1.0,1.0,0.89,0.909,0.667,6.4663,2.0,0.0615,0.0618,0.76,84.0,0.7547,0.9368,0.6332,0.8894,0.0039,1.0
../calista/rating-based-dataset/images/english/330.png,5.515855039637599,0.17,0.999,0.17,1.0,0.765,0.815,0.044,0.18,26.6474,8.0,0.2752,0.1573,0.3318,22.0,0.3842,1.081,0.7029,0.8553,0.0274,0.9
../calista/rating-based-dataset/images/english/331.png,5.3028571428571425,0.226,0.68,0.2,1.0,0.826,0.65,0.316,0.755,52.9653,7.0,0.1684,0.1178,0.7367,36.0,0.4743,1.1241,0.6549,0.8522,0.0217,0.3
../calista/rating-based-dataset/images/english/332.png,4.5887640449438205,0.121,0.999,0.22,1.0,0.868,0.642,0.143,0.592,26.5134,5.0,0.3192,0.2146,0.7793,31.0,0.4454,0.8281,0.7738,0.9085,0.0157,0.2
../calista/rating-based-dataset/images/english/333.png,2.6581521739130434,0.19,0.994,0.21,1.0,0.831,0.616,0.427,0.221,28.4006,2.0,0.1637,0.1447,0.8905,32.0,0.4508,0.6321,0.6533,0.9323,0.0212,0.7
../calista/rating-based-dataset/images/english/334.png,6.480171489817792,0.131,0.999,0.13,1.0,0.799,0.594,0.647,0.4,23.8029,3.0,0.1186,0.0936,0.8305,34.0,0.4634,0.5281,0.6945,0.9506,0.0214,0.5
../calista/rating-based-dataset/images/english/335.png,5.935430463576159,0.111,0.639,0.42,1.0,0.647,0.711,0.046,0.233,55.1027,9.0,0.2543,0.1443,0.3546,25.0,0.4108,1.2233,0.7451,0.8238,0.0472,0.2
../calista/rating-based-dataset/images/english/336.png,4.926940639269406,0.148,0.997,0.2,1.0,0.915,0.612,0.143,0.49,27.5374,5.0,0.2666,0.1937,0.8058,29.0,0.4367,0.8332,0.7738,0.9133,0.0235,0.3
../calista/rating-based-dataset/images/english/337.png,5.366666666666666,0.139,0.976,0.25,1.0,1.0,0.328,0.281,0.665,17.963,6.0,0.1995,0.1169,0.7605,36.0,0.4763,1.3287,0.6907,0.7866,0.017,0.1
../calista/rating-based-dataset/images/english/338.png,5.400696864111498,0.139,0.627,0.37,1.0,0.865,0.444,0.145,0.918,55.7529,6.0,0.2406,0.1471,0.6844,39.0,0.4885,0.5448,0.7168,0.948,0.0282,0.7
../calista/rating-based-dataset/images/english/339.png,6.233405875952122,0.089,0.994,0.76,0.888,0.929,0.719,0.061,0.963,21.5057,11.0,0.2087,0.1482,0.6628,63.0,0.6164,0.7916,0.7381,0.9071,0.0186,0.9
../calista/rating-based-dataset/images/english/34.png,2.807819383259912,0.278,0.885,0.21,1.0,0.898,0.581,0.0,0.885,40.7304,10.0,0.358,0.2532,0.5431,35.0,0.4695,0.7404,0.803,0.9261,0.0224,0.1
../calista/rating-based-dataset/images/english/340.png,4.97838785046729,0.214,0.878,0.06,1.0,0.876,0.487,0.605,0.973,41.2414,4.0,0.1262,0.0895,0.6566,41.0,0.5025,0.6814,0.6145,0.933,0.015,0.2
../calista/rating-based-dataset/images/english/341.png,7.033333333333333,0.126,0.677,0.09,1.0,0.714,0.484,0.098,0.899,53.1138,8.0,0.2217,0.1387,0.5482,23.0,0.3901,0.8035,0.7389,0.8905,0.0513,0.7
../calista/rating-based-dataset/images/english/342.png,5.983940042826553,0.144,0.92,0.48,1.0,1.0,0.604,0.092,0.621,12.0049,8.0,0.2532,0.1406,0.4682,45.0,0.5238,0.6496,0.7166,0.9332,0.012,0.3
../calista/rating-based-dataset/images/english/343.png,5.3590182648401825,0.191,0.052,0.39,1.0,0.933,0.511,0.275,0.996,102.3489,5.0,0.1886,0.14,0.606,42.0,0.5048,0.7385,0.6535,0.9086,0.0345,0.7
../calista/rating-based-dataset/images/english/344.png,5.602820211515864,0.165,0.838,0.59,1.0,0.774,0.718,0.0,0.83,43.9161,9.0,0.2808,0.1648,0.525,50.0,0.5454,1.5884,0.7177,0.7478,0.0332,0.1
../calista/rating-based-dataset/images/english/345.png,5.804571428571428,0.23,0.999,0.18,1.0,1.0,0.542,0.505,0.561,26.1093,5.0,0.1396,0.1005,0.4526,42.0,0.5065,0.8552,0.6177,0.9011,0.022,0.3
../calista/rating-based-dataset/images/english/346.png,6.255112474437627,0.119,0.63,0.77,0.63,0.742,0.78,0.0,0.089,55.572,14.0,0.4263,0.1806,0.2777,34.0,0.4654,0.7745,0.7358,0.9109,0.0497,0.0
../calista/rating-based-dataset/images/english/347.png,4.111050328227571,0.17,0.965,0.06,1.0,0.767,0.573,0.541,0.233,16.5348,3.0,0.1408,0.112,0.8856,26.0,0.4121,0.4114,0.7081,0.9694,0.0124,0.9
../calista/rating-based-dataset/images/english/348.png,3.362850971922246,0.097,0.091,0.16,1.0,0.829,0.419,0.0,0.193,94.6624,9.0,0.3823,0.2394,0.3377,12.0,0.293,0.8903,0.7648,0.8856,0.0681,0.5
../calista/rating-based-dataset/images/english/349.png,5.437288135593221,0.077,0.654,0.38,1.0,0.849,0.724,0.0,0.044,54.331,24.0,0.5089,0.261,0.2308,23.0,0.3907,0.6415,0.7983,0.9341,0.0588,0.5
../calista/rating-based-dataset/images/english/35.png,3.3134078212290503,0.084,0.232,0.3,1.0,0.733,0.681,0.0,0.025,79.3643,16.0,0.4757,0.2627,0.1965,15.0,0.328,1.1116,0.8122,0.8305,0.0766,0.5
../calista/rating-based-dataset/images/english/36.png,4.594827586206897,0.123,0.991,0.1,1.0,0.803,0.647,0.0,0.43,20.6261,9.0,0.3578,0.1633,0.418,20.0,0.3693,1.2413,0.7379,0.8067,0.0242,0.9
../calista/rating-based-dataset/images/english/37.png,5.747422680412371,0.144,0.689,0.36,1.0,0.819,0.621,0.101,0.019,52.4715,13.0,0.2274,0.1254,0.1818,24.0,0.4004,0.7046,0.7103,0.9287,0.0242,0.9
../calista/rating-based-dataset/images/english/38.png,2.4079915878023135,0.114,0.048,0.44,1.0,0.826,0.674,0.0,0.007,103.4941,12.0,0.4839,0.2705,0.1311,20.0,0.368,0.882,0.8284,0.8899,0.0936,0.4
../calista/rating-based-dataset/images/english/39.png,4.277840269966254,0.098,0.572,0.64,1.0,0.932,0.679,0.362,0.564,58.6538,9.0,0.1495,0.0928,0.4536,54.0,0.5701,0.8224,0.7745,0.9079,0.0224,1.0
../calista/rating-based-dataset/images/english/4.png,2.0982142857142856,0.299,0.901,0.06,1.0,0.853,0.457,0.444,0.208,39.4942,3.0,0.1589,0.1305,0.8958,26.0,0.4143,0.9259,0.6926,0.8875,0.022,0.7
../calista/rating-based-dataset/images/english/40.png,4.605747126436782,0.176,0.99,0.76,1.0,0.918,0.575,0.036,0.967,20.4179,8.0,0.2474,0.1653,0.5799,66.0,0.6284,1.3494,0.7176,0.8155,0.0159,0.9
../calista/rating-based-dataset/images/english/41.png,4.287862513426423,0.125,0.88,0.09,1.0,0.659,0.537,0.0,0.241,41.0804,18.0,0.4028,0.2231,0.3577,15.0,0.3202,0.8163,0.7567,0.9014,0.0393,0.3
../calista/rating-based-dataset/images/english/42.png,4.385371179039302,0.205,0.953,0.27,1.0,0.832,0.678,0.038,0.22,34.9092,11.0,0.2361,0.147,0.3494,26.0,0.4167,0.9656,0.6619,0.8847,0.0265,0.7
../calista/rating-based-dataset/images/english/43.png,4.923728813559322,0.205,1.0,0.41,1.0,0.847,0.755,0.0,0.585,25.7906,16.0,0.2703,0.1797,0.4589,40.0,0.4961,1.1152,0.6674,0.834,0.0244,0.7
../calista/rating-based-dataset/images/english/44.png,4.850521436848204,0.104,0.166,0.49,1.0,0.882,0.49,0.0,0.074,85.2776,16.0,0.4007,0.2271,0.2651,22.0,0.3888,0.9399,0.7798,0.8848,0.0405,0.9
../calista/rating-based-dataset/images/english/45.png,6.035441657579062,0.108,0.995,0.72,1.0,0.758,0.571,0.0,0.681,28.2762,17.0,0.3613,0.1639,0.4837,52.0,0.5566,0.4996,0.8033,0.9624,0.0275,0.9
../calista/rating-based-dataset/images/english/46.png,4.904171364148816,0.221,0.601,0.58,1.0,0.849,0.751,0.0,0.309,57.0856,10.0,0.2432,0.1761,0.3816,40.0,0.4947,1.0625,0.6437,0.8529,0.0384,0.9
../calista/rating-based-dataset/images/english/47.png,2.7939590075512406,0.061,0.975,0.21,1.0,0.864,0.635,0.179,0.762,32.2298,4.0,0.4407,0.2249,0.7348,32.0,0.4526,0.7759,0.6826,0.9199,0.0271,0.9
../calista/rating-based-dataset/images/english/48.png,2.5822851153039834,0.366,0.961,0.74,1.0,0.929,0.784,0.529,0.873,16.0561,5.0,0.1368,0.0948,0.539,80.0,0.7247,1.8008,0.6829,0.7038,0.0144,1.0
../calista/rating-based-dataset/images/english/49.png,4.241621621621622,0.157,0.939,0.36,1.0,0.845,0.511,0.21,0.931,36.2541,4.0,0.246,0.1492,0.6788,45.0,0.52,1.1421,0.7185,0.8496,0.0288,0.9
../calista/rating-based-dataset/images/english/5.png,4.517524644030668,0.156,0.148,0.53,1.0,0.9,0.896,0.0,0.253,87.2235,18.0,0.315,0.1871,0.362,32.0,0.4512,0.842,0.7549,0.9109,0.0411,0.9
../calista/rating-based-dataset/images/english/50.png,5.276515151515151,0.214,0.892,0.93,1.0,1.0,0.673,0.624,0.297,9.7653,5.0,0.1103,0.0835,0.8624,78.0,0.7056,0.7093,0.7442,0.9105,0.0109,0.9
../calista/rating-based-dataset/images/english/51.png,4.550165380374862,0.199,0.914,0.12,1.0,0.824,0.587,0.0,0.221,38.5251,12.0,0.3086,0.1927,0.3498,19.0,0.3601,1.3918,0.7415,0.7881,0.0218,0.9
../calista/rating-based-dataset/images/english/52.png,3.4667049368541907,0.26,0.904,0.17,1.0,1.0,0.551,0.678,0.126,10.7176,2.0,0.1194,0.0943,0.9366,38.0,0.4842,0.873,0.6594,0.9042,0.0075,0.7
../calista/rating-based-dataset/images/english/54.png,2.5339643652561246,0.178,0.97,0.05,1.0,0.849,0.493,0.546,0.216,32.8335,1.0,0.1452,0.119,0.8925,26.0,0.413,0.81,0.6928,0.9082,0.0236,0.9
../calista/rating-based-dataset/images/english/55.png,2.683371298405467,0.148,0.228,0.11,1.0,0.809,0.592,0.0,0.831,79.728,11.0,0.295,0.1893,0.5254,20.0,0.3677,0.9367,0.771,0.8851,0.0439,0.7
../calista/rating-based-dataset/images/english/56.png,2.6280276816608996,0.229,0.877,0.27,1.0,0.844,0.558,0.0,0.961,41.2881,10.0,0.3662,0.2592,0.5762,37.0,0.4788,0.8053,0.7769,0.9151,0.0348,0.8
../calista/rating-based-dataset/images/english/57.png,3.61271676300578,0.164,0.986,0.25,1.0,0.801,0.494,0.0,0.218,30.3719,9.0,0.3003,0.1609,0.3485,22.0,0.3869,1.0913,0.7555,0.8459,0.031,0.5
../calista/rating-based-dataset/images/english/58.png,5.079911209766926,0.16,0.962,0.46,1.0,0.843,0.586,0.057,0.987,33.8677,9.0,0.2284,0.1403,0.5953,48.0,0.5384,0.7348,0.6971,0.9187,0.0297,0.4
../calista/rating-based-dataset/images/english/59.png,3.0335164835164834,0.288,0.989,0.78,1.0,0.973,0.841,0.518,0.203,29.7652,5.0,0.133,0.1014,0.8979,72.0,0.6645,1.5542,0.6669,0.7672,0.013,1.0
../calista/rating-based-dataset/images/english/60.png,5.476940382452193,0.157,0.847,0.35,1.0,1.0,0.469,0.666,0.218,6.661,4.0,0.1125,0.0797,0.8916,44.0,0.5171,0.5516,0.7812,0.9534,0.0089,0.8
../calista/rating-based-dataset/images/english/61.png,4.241438356164384,0.076,0.883,0.25,1.0,0.865,0.633,0.0,0.027,40.8582,18.0,0.4629,0.2177,0.2026,19.0,0.3624,0.7713,0.8084,0.91,0.0415,0.7
../calista/rating-based-dataset/images/english/62.png,3.2864238410596025,0.208,0.995,0.48,1.0,0.84,0.558,0.036,0.956,28.1399,8.0,0.264,0.1662,0.5732,50.0,0.5455,1.4016,0.6894,0.7922,0.0254,0.8
../calista/rating-based-dataset/images/english/63.png,3.6786922209695603,0.147,0.934,0.14,1.0,0.846,0.371,0.25,0.773,36.7743,2.0,0.2307,0.1727,0.7317,30.0,0.4379,0.5319,0.7526,0.9574,0.0339,0.9
../calista/rating-based-dataset/images/english/64.png,5.222400857449089,0.128,0.343,0.31,1.0,0.864,0.441,0.0,0.227,71.5211,12.0,0.3138,0.1869,0.3521,19.0,0.3635,1.2358,0.7412,0.8297,0.0494,0.9
../calista/rating-based-dataset/images/english/65.png,3.8567351598173514,0.224,0.947,0.48,1.0,0.894,0.381,0.107,0.822,35.5021,6.0,0.2876,0.1782,0.5224,48.0,0.5365,1.0025,0.7755,0.8774,0.0213,0.9
../calista/rating-based-dataset/images/english/66.png,4.251303441084463,0.082,0.202,0.26,0.972,0.867,0.41,0.0,0.009,81.8812,17.0,0.431,0.2056,0.1419,13.0,0.3075,0.7728,0.7785,0.9078,0.0634,0.7
../calista/rating-based-dataset/images/english/67.png,5.583144796380091,0.111,0.013,0.75,1.0,0.842,0.794,0.059,0.218,118.9777,12.0,0.2205,0.1398,0.3484,39.0,0.4904,1.128,0.6788,0.8349,0.0669,0.9
../calista/rating-based-dataset/images/english/68.png,2.0464759959141983,0.151,0.862,0.05,1.0,0.834,0.68,0.071,0.686,42.3418,7.0,0.2793,0.1936,0.755,23.0,0.3927,0.7558,0.8288,0.9229,0.0353,0.5
../calista/rating-based-dataset/images/english/69.png,4.479213483146068,0.109,0.983,0.26,1.0,0.847,0.595,0.0,0.986,30.8564,9.0,0.304,0.1727,0.5938,35.0,0.4682,1.2197,0.767,0.8283,0.0342,0.9
../calista/rating-based-dataset/images/english/7.png,3.8114478114478114,0.166,0.995,0.45,1.0,0.817,0.706,0.0,0.588,28.243,9.0,0.3709,0.2215,0.4596,40.0,0.4951,0.9787,0.7763,0.8797,0.025,0.7
../calista/rating-based-dataset/images/english/70.png,4.180703624733476,0.15,0.757,0.11,1.0,0.757,0.739,0.0,0.996,48.7476,11.0,0.2958,0.1913,0.6057,27.0,0.4198,1.1991,0.7186,0.8389,0.041,0.7
../calista/rating-based-dataset/images/english/71.png,5.971383975026015,0.105,0.075,0.42,1.0,0.841,0.451,0.0,0.001,97.4059,27.0,0.4607,0.2338,0.0545,18.0,0.3502,1.0097,0.773,0.8622,0.0607,0.5
../calista/rating-based-dataset/images/english/72.png,3.360066371681416,0.259,0.912,0.15,1.0,1.0,0.6,0.143,0.429,11.351,5.0,0.2304,0.1633,0.8224,30.0,0.437,0.8896,0.6993,0.9022,0.007,0.5
../calista/rating-based-dataset/images/english/73.png,5.110403397027601,0.132,0.962,0.52,1.0,0.846,0.503,0.0,0.025,33.8319,16.0,0.3124,0.1602,0.1966,30.0,0.4417,1.4344,0.7012,0.7897,0.0241,0.2
../calista/rating-based-dataset/images/english/74.png,5.170454545454546,0.171,0.902,0.34,1.0,0.838,0.46,0.384,0.687,39.4438,5.0,0.1708,0.117,0.7548,43.0,0.5106,1.3389,0.6906,0.8118,0.0289,0.9
../calista/rating-based-dataset/images/english/75.png,2.308903365906623,0.193,0.889,0.27,1.0,0.729,0.451,0.107,0.89,40.4018,6.0,0.2489,0.185,0.6951,34.0,0.4639,0.9193,0.7566,0.8942,0.0303,0.7
../calista/rating-based-dataset/images/english/76.png,3.896495071193866,0.217,0.97,0.57,1.0,0.891,0.727,0.071,0.957,32.8206,7.0,0.258,0.1606,0.5737,59.0,0.5909,1.347,0.6752,0.8077,0.0231,1.0
../calista/rating-based-dataset/images/english/77.png,3.868181818181818,0.287,0.962,0.66,1.0,1.0,0.902,0.119,0.43,16.1058,6.0,0.2516,0.1559,0.418,61.0,0.6023,1.2588,0.6301,0.8312,0.0077,0.9
../calista/rating-based-dataset/images/english/78.png,3.3333333333333335,0.153,0.994,0.56,1.0,0.953,0.699,0.0,0.073,21.5812,14.0,0.3473,0.1777,0.2643,38.0,0.4855,1.0645,0.7116,0.8347,0.0146,0.7
../calista/rating-based-dataset/images/english/79.png,2.426630434782609,0.205,0.574,0.17,1.0,0.891,0.625,0.277,0.785,58.5192,5.0,0.1922,0.1363,0.5117,33.0,0.4586,1.1954,0.6702,0.8331,0.0257,0.9
../calista/rating-based-dataset/images/english/8.png,4.775028768699655,0.118,0.937,0.5,1.0,0.864,0.647,0.0,0.57,36.4423,12.0,0.2966,0.1987,0.4551,40.0,0.4974,1.1357,0.7256,0.8481,0.0322,0.9
../calista/rating-based-dataset/images/english/80.png,3.247457627118644,0.273,0.953,0.66,1.0,0.86,0.676,0.175,0.75,34.8291,7.0,0.2031,0.1382,0.738,62.0,0.6117,1.0673,0.6836,0.8652,0.0254,0.9
../calista/rating-based-dataset/images/english/81.png,3.486159169550173,0.267,0.999,0.33,1.0,0.86,0.601,0.188,0.997,26.073,5.0,0.2359,0.1445,0.6323,49.0,0.5433,1.4653,0.6573,0.7831,0.0196,1.0
../calista/rating-based-dataset/images/english/82.png,3.64,0.136,0.86,0.37,1.0,0.875,0.742,0.0,0.231,42.4506,11.0,0.3241,0.1799,0.3536,29.0,0.4321,1.2588,0.7207,0.8086,0.0343,0.1
../calista/rating-based-dataset/images/english/83.png,4.1743421052631575,0.115,0.994,0.2,1.0,0.845,0.605,0.0,0.424,28.6165,9.0,0.4764,0.2581,0.4161,24.0,0.3971,1.232,0.8038,0.8102,0.0268,0.8
../calista/rating-based-dataset/images/english/85.png,4.245348837209303,0.133,0.796,0.11,1.0,0.866,0.692,0.0,0.586,46.5155,13.0,0.3441,0.2192,0.4591,22.0,0.3865,1.2337,0.7413,0.8232,0.0301,0.9
../calista/rating-based-dataset/images/english/86.png,4.90228013029316,0.397,0.915,0.33,1.0,1.0,0.439,0.898,0.122,11.5706,2.0,0.0735,0.0561,0.9391,55.0,0.575,1.0919,0.6244,0.8546,0.0037,0.6
../calista/rating-based-dataset/images/english/87.png,2.1668404588112615,0.089,0.985,0.86,1.0,0.983,0.603,0.0,0.589,19.4364,11.0,0.376,0.2502,0.78,62.0,0.6075,0.865,0.8572,0.9053,0.0048,0.6
../calista/rating-based-dataset/images/english/88.png,5.603407755581669,0.172,0.988,0.85,1.0,0.837,0.837,0.0,0.452,20.0948,13.0,0.3229,0.1861,0.4238,61.0,0.6039,0.947,0.749,0.8887,0.0231,0.9
../calista/rating-based-dataset/images/english/89.png,4.401393354769561,0.12,0.908,0.57,0.621,1.0,0.567,0.653,0.148,11.0082,3.0,0.1386,0.0754,0.9239,48.0,0.5356,0.9341,0.6023,0.8938,0.0032,0.9
../calista/rating-based-dataset/images/english/9.png,2.8512486427795873,0.135,0.636,0.46,1.0,0.835,0.65,0.036,0.217,55.2981,8.0,0.3437,0.2152,0.3481,30.0,0.4377,0.9422,0.7915,0.8701,0.0479,0.5
../calista/rating-based-dataset/images/english/90.png,4.505313496280553,0.122,0.7,0.33,1.0,0.711,0.699,0.0,0.614,51.8655,11.0,0.3391,0.1872,0.4664,28.0,0.4283,1.3325,0.7291,0.8078,0.0417,1.0
../calista/rating-based-dataset/images/english/91.png,4.307604994324631,0.18,0.689,0.17,1.0,0.797,0.808,0.048,0.739,52.4458,9.0,0.2461,0.1435,0.4991,28.0,0.4266,1.0316,0.6902,0.8744,0.0407,0.7
../calista/rating-based-dataset/images/english/92.png,4.151202749140894,0.218,0.658,0.07,1.0,0.867,0.47,0.177,0.995,54.1131,6.0,0.2345,0.1362,0.6047,29.0,0.4331,0.9029,0.6599,0.8951,0.032,0.7
../calista/rating-based-dataset/images/english/93.png,5.260554885404101,0.233,0.157,0.78,1.0,0.944,0.794,0.363,0.361,86.2463,5.0,0.1654,0.1286,0.3979,59.0,0.5941,0.6984,0.6572,0.9251,0.0303,0.1
../calista/rating-based-dataset/images/english/94.png,4.8717672413793105,0.13,0.749,0.61,1.0,0.777,0.554,0.0,0.823,49.2098,9.0,0.3172,0.2066,0.5228,46.0,0.5297,1.2956,0.7335,0.8161,0.0488,1.0
../calista/rating-based-dataset/images/english/95.png,3.882803943044907,0.236,0.837,0.87,1.0,0.95,0.746,0.107,0.195,44.0038,6.0,0.2677,0.1778,0.3389,61.0,0.6059,0.905,0.7643,0.8907,0.0246,0.9
../calista/rating-based-dataset/images/english/96.png,3.9418202764976957,0.154,0.122,0.36,1.0,0.848,0.561,0.003,0.032,90.2473,17.0,0.224,0.1591,0.2115,18.0,0.3548,0.8025,0.7006,0.9091,0.0385,0.7
../calista/rating-based-dataset/images/english/97.png,3.735091743119266,0.333,0.883,0.08,1.0,1.0,0.177,0.698,0.407,9.1619,4.0,0.0956,0.0824,0.8287,37.0,0.4777,0.6843,0.6923,0.9316,0.0062,0.8
../calista/rating-based-dataset/images/english/98.png,4.06442731277533,0.254,0.925,0.69,1.0,0.861,0.452,0.091,0.409,37.5995,10.0,0.2095,0.1373,0.412,52.0,0.5562,1.0183,0.6983,0.8615,0.0233,0.2
../calista/rating-based-dataset/images/english/99.png,4.807428571428572,0.208,0.085,0.51,1.0,0.916,0.694,0.013,0.037,95.6548,22.0,0.2202,0.1556,0.2211,27.0,0.4199,1.1083,0.6261,0.8339,0.046,0.4
../calista/rating-based-dataset/images/foreign/0.png,4.8108945969884855,0.114,0.614,0.2,1.0,0.826,0.622,0.0,0.846,56.4036,9.0,0.3298,0.1893,0.53,26.0,0.4157,0.9925,0.72,0.8759,0.0379,0.7
../calista/rating-based-dataset/images/foreign/1.png,5.59433962264151,0.146,0.99,0.09,1.0,0.927,0.254,0.608,0.457,20.536,6.0,0.1137,0.074,0.8146,31.0,0.4467,0.6584,0.7109,0.9376,0.0142,1.0
../calista/rating-based-dataset/images/foreign/10.png,3.820258620689655,0.165,0.853,0.34,1.0,0.871,0.611,0.204,0.564,42.9647,5.0,0.2257,0.1389,0.7864,37.0,0.4816,1.1671,0.6377,0.8462,0.0287,0.7
../calista/rating-based-dataset/images/foreign/11.png,2.6302904564315353,0.105,0.414,0.35,1.0,0.84,0.631,0.0,0.812,67.2447,12.0,0.4816,0.2927,0.5197,30.0,0.4427,0.8521,0.7778,0.9068,0.0574,1.0
../calista/rating-based-dataset/images/foreign/12.png,4.818141592920354,0.163,0.831,0.6,1.0,0.861,0.84,0.013,0.229,44.3596,10.0,0.294,0.1555,0.3528,42.0,0.5052,0.9323,0.7573,0.8912,0.0325,0.8
../calista/rating-based-dataset/images/foreign/13.png,4.414198606271777,0.087,0.78,0.38,1.0,0.842,0.492,0.0,0.104,47.4591,18.0,0.3943,0.2173,0.2892,23.0,0.3913,1.0053,0.7881,0.8721,0.0476,0.7
../calista/rating-based-dataset/images/foreign/14.png,4.173855633802817,0.135,0.519,0.42,1.0,0.864,0.867,0.0,0.311,61.4369,11.0,0.3179,0.1987,0.3822,30.0,0.4398,1.2725,0.7116,0.8201,0.0352,0.9
../calista/rating-based-dataset/images/foreign/15.png,4.127937336814622,0.145,0.317,0.12,1.0,0.905,0.484,0.0,0.477,73.247,13.0,0.3109,0.1969,0.4307,17.0,0.343,0.9649,0.7198,0.8856,0.0467,0.9
../calista/rating-based-dataset/images/foreign/16.png,5.487826086956522,0.108,0.662,0.4,1.0,0.819,0.612,0.0,0.111,53.9205,25.0,0.3757,0.1824,0.2941,24.0,0.3986,0.5587,0.7952,0.9453,0.0432,0.7
../calista/rating-based-dataset/images/foreign/17.png,4.017316017316017,0.134,0.631,0.46,1.0,0.86,0.636,0.0,0.343,55.5173,11.0,0.3668,0.2294,0.3923,31.0,0.4467,1.0113,0.7454,0.8717,0.0395,0.2
../calista/rating-based-dataset/images/foreign/18.png,5.15091066782307,0.152,0.39,0.84,1.0,0.855,0.784,0.01,0.131,68.6732,11.0,0.234,0.1564,0.3066,47.0,0.53,1.1043,0.6675,0.8625,0.0434,0.7
../calista/rating-based-dataset/images/foreign/19.png,5.224754244861484,0.136,0.507,0.37,1.0,0.863,0.714,0.0,0.015,62.0741,15.0,0.2773,0.1699,0.1678,22.0,0.3864,0.8362,0.7561,0.8998,0.0379,0.3
../calista/rating-based-dataset/images/foreign/2.png,3.3366425992779782,0.099,0.374,0.21,1.0,0.816,0.488,0.0,0.31,69.6146,11.0,0.5073,0.2765,0.382,16.0,0.339,0.8554,0.8236,0.9001,0.0535,0.3
../calista/rating-based-dataset/images/foreign/20.png,4.206233988044406,0.171,0.099,0.26,1.0,0.909,0.578,0.0,0.806,93.3832,11.0,0.3021,0.1927,0.5178,26.0,0.4123,1.0793,0.7237,0.8613,0.0421,0.8
../calista/rating-based-dataset/images/foreign/21.png,2.580273270708796,0.17,1.0,0.68,1.0,0.89,0.635,0.0,0.314,24.7582,12.0,0.3634,0.2347,0.3832,48.0,0.5362,1.1187,0.7572,0.8507,0.0196,0.3
../calista/rating-based-dataset/images/foreign/22.png,3.1546345811051695,0.302,0.784,0.06,1.0,0.933,0.752,0.183,0.987,47.2228,6.0,0.2096,0.1425,0.5946,36.0,0.4748,1.4652,0.5965,0.7829,0.0219,1.0
../calista/rating-based-dataset/images/foreign/23.png,4.433362753751103,0.169,0.983,0.18,1.0,1.0,0.35,0.2,0.297,19.1554,5.0,0.2164,0.1434,0.8623,26.0,0.4151,0.8597,0.7481,0.9016,0.0065,0.6
../calista/rating-based-dataset/images/foreign/24.png,4.42490494296578,0.13,0.999,0.16,1.0,0.795,0.472,0.036,0.462,26.1313,8.0,0.3602,0.1864,0.4267,22.0,0.3846,1.0575,0.7487,0.8555,0.0251,0.3
../calista/rating-based-dataset/images/foreign/25.png,4.519981834695731,0.177,0.643,0.69,1.0,0.873,0.637,0.011,0.463,54.9294,10.0,0.2605,0.1563,0.4271,47.0,0.5336,1.0009,0.7186,0.8766,0.022,0.7
../calista/rating-based-dataset/images/foreign/26.png,2.685490519373454,0.172,0.483,0.21,1.0,0.858,0.514,0.0,0.992,63.4014,10.0,0.4322,0.2864,0.6007,29.0,0.4312,0.7907,0.8315,0.9137,0.0404,0.0
../calista/rating-based-dataset/images/foreign/27.png,3.8102222222222224,0.17,0.155,0.44,1.0,0.908,0.659,0.036,0.801,86.4544,8.0,0.3148,0.1859,0.5165,36.0,0.4752,1.1222,0.7141,0.8575,0.033,0.1
../calista/rating-based-dataset/images/foreign/28.png,3.6514629948364887,0.21,0.626,0.64,1.0,0.877,0.607,0.036,0.226,55.7837,8.0,0.2777,0.1804,0.3517,41.0,0.502,1.4759,0.6521,0.7776,0.0333,0.9
../calista/rating-based-dataset/images/foreign/29.png,4.564248251748252,0.114,0.638,0.3,1.0,0.814,0.532,0.0,0.07,55.1523,14.0,0.3746,0.2056,0.2608,19.0,0.3609,1.0722,0.7457,0.8553,0.0453,0.6
../calista/rating-based-dataset/images/foreign/3.png,4.421209540034072,0.228,0.953,0.15,1.0,0.888,0.608,0.067,0.983,34.9217,12.0,0.2294,0.137,0.591,35.0,0.4685,0.8662,0.6927,0.9027,0.0256,0.9
../calista/rating-based-dataset/images/foreign/30.png,3.4785775492716366,0.147,0.805,0.12,1.0,0.858,0.694,0.0,0.481,45.9696,13.0,0.3236,0.1897,0.4319,21.0,0.3811,0.8397,0.7124,0.9006,0.0298,0.5
../calista/rating-based-dataset/images/foreign/31.png,5.003514938488577,0.144,0.401,0.64,1.0,0.881,0.688,0.0,0.117,68.0385,17.0,0.3119,0.1842,0.2976,35.0,0.4673,1.2715,0.6967,0.8256,0.0363,1.0
../calista/rating-based-dataset/images/foreign/32.png,3.3026427962489344,0.089,0.269,0.2,1.0,0.845,0.48,0.0,0.678,76.5293,12.0,0.4094,0.2515,0.4828,20.0,0.3675,0.8483,0.7807,0.8985,0.0544,0.9
../calista/rating-based-dataset/images/foreign/33.png,2.416454622561493,0.122,0.771,0.17,1.0,0.832,0.54,0.0,0.926,47.9603,10.0,0.4381,0.263,0.5591,27.0,0.4216,1.0523,0.8189,0.8642,0.0439,0.8
../calista/rating-based-dataset/images/foreign/34.png,4.0211442786069655,0.091,0.892,0.6,1.0,0.787,0.413,0.0,0.536,40.2046,14.0,0.3905,0.2011,0.4464,39.0,0.4932,0.7208,0.7945,0.9196,0.0447,0.9
../calista/rating-based-dataset/images/foreign/35.png,4.779638009049774,0.128,0.099,0.18,1.0,0.832,0.558,0.0,0.066,93.398,14.0,0.3468,0.1989,0.2577,13.0,0.3002,1.084,0.7438,0.855,0.0459,0.1
../calista/rating-based-dataset/images/foreign/36.png,2.8665780141843973,0.443,0.952,0.83,1.0,0.934,0.782,0.485,0.794,15.0192,8.0,0.1161,0.0898,0.7258,83.0,0.748,1.0982,0.5729,0.8476,0.0087,1.0
../calista/rating-based-dataset/images/foreign/37.png,4.251563896336014,0.111,0.574,0.31,1.0,0.839,0.56,0.001,0.639,58.5055,10.0,0.2788,0.1598,0.4729,27.0,0.4205,1.101,0.7122,0.8465,0.0319,0.5
../calista/rating-based-dataset/images/foreign/38.png,3.674757281553398,0.128,0.755,0.27,1.0,0.833,0.61,0.0,0.258,48.8312,13.0,0.4456,0.2603,0.364,22.0,0.3872,0.9763,0.7759,0.869,0.0409,0.8
../calista/rating-based-dataset/images/foreign/39.png,4.059410646387833,0.187,0.981,0.27,1.0,1.0,0.367,0.213,0.998,18.7812,5.0,0.226,0.136,0.6101,44.0,0.516,0.954,0.7109,0.8852,0.0157,0.8
../calista/rating-based-dataset/images/foreign/4.png,3.2745183887915936,0.166,0.972,0.32,1.0,1.0,0.55,0.7,0.219,17.4249,3.0,0.1165,0.0771,0.8913,46.0,0.5273,0.9467,0.7336,0.8952,0.0076,0.5
../calista/rating-based-dataset/images/foreign/40.png,4.153169014084507,0.103,0.831,0.33,1.0,0.845,0.651,0.0,0.212,44.3599,10.0,0.4257,0.22,0.346,24.0,0.4035,1.6728,0.7354,0.718,0.0347,0.6
../calista/rating-based-dataset/images/foreign/41.png,4.880671506352087,0.192,0.844,0.62,1.0,0.849,0.58,0.0,0.892,43.5031,9.0,0.2778,0.1766,0.5455,53.0,0.5638,1.2215,0.7003,0.8194,0.0293,0.9
../calista/rating-based-dataset/images/foreign/42.png,3.8708838821490468,0.18,0.972,0.16,1.0,0.71,0.52,0.107,0.864,32.5691,6.0,0.328,0.1928,0.7043,29.0,0.4354,0.7923,0.7528,0.9166,0.0303,0.5
../calista/rating-based-dataset/images/foreign/43.png,4.120658949243099,0.126,0.122,0.1,1.0,0.89,0.416,0.0,0.674,90.2482,13.0,0.3671,0.23,0.4818,16.0,0.3369,0.9415,0.7348,0.8826,0.0457,0.7
../calista/rating-based-dataset/images/foreign/44.png,4.651747655583972,0.138,0.991,0.11,1.0,0.868,0.517,0.0,0.258,29.2296,11.0,0.2946,0.172,0.3638,18.0,0.3559,1.0554,0.7373,0.8679,0.0213,0.9
../calista/rating-based-dataset/images/foreign/46.png,2.6881057268722466,0.253,0.975,0.17,1.0,1.0,0.554,0.782,0.122,17.8357,1.0,0.0971,0.0769,0.9389,41.0,0.5015,0.9849,0.6454,0.885,0.0108,0.7
../calista/rating-based-dataset/images/foreign/47.png,3.2693661971830985,0.125,0.61,0.16,1.0,0.843,0.609,0.0,0.76,56.638,12.0,0.2735,0.1837,0.5048,24.0,0.3982,0.9449,0.7507,0.887,0.0399,0.9
../calista/rating-based-dataset/images/foreign/48.png,4.439338235294118,0.187,0.816,0.47,1.0,0.849,0.645,0.036,0.997,45.3039,8.0,0.2862,0.1869,0.6079,48.0,0.5387,1.2109,0.6923,0.8395,0.0285,0.7
../calista/rating-based-dataset/images/foreign/49.png,4.45544982698962,0.129,0.861,0.28,1.0,0.816,0.625,0.0,0.176,42.4021,11.0,0.4178,0.2369,0.3302,22.0,0.3874,1.0963,0.7872,0.8595,0.0383,0.9
../calista/rating-based-dataset/images/foreign/5.png,4.618968386023295,0.114,0.901,0.37,1.0,0.9,0.515,0.0,0.929,39.543,11.0,0.2775,0.1753,0.5605,39.0,0.4897,0.8603,0.7372,0.8967,0.0316,0.5
../calista/rating-based-dataset/images/foreign/50.png,3.68013468013468,0.306,0.868,0.57,1.0,1.0,0.701,0.608,0.325,8.0557,5.0,0.1131,0.0868,0.8534,64.0,0.6203,1.6883,0.6269,0.7441,0.0027,1.0
../calista/rating-based-dataset/images/foreign/51.png,4.355193661971831,0.148,0.478,0.26,1.0,0.757,0.726,0.0,0.274,63.6851,12.0,0.3352,0.2101,0.3696,20.0,0.3718,1.1707,0.7336,0.8405,0.0509,0.6
../calista/rating-based-dataset/images/foreign/52.png,4.463908450704225,0.091,0.572,0.23,1.0,0.931,0.531,0.0,0.899,58.6169,9.0,0.3226,0.1967,0.5482,28.0,0.4281,1.0032,0.7925,0.8708,0.0222,1.0
../calista/rating-based-dataset/images/foreign/53.png,4.446020128087832,0.124,0.657,0.7,1.0,0.848,0.645,0.014,0.82,54.1887,12.0,0.2607,0.1553,0.5219,53.0,0.5626,0.8784,0.7757,0.8969,0.0364,0.9
../calista/rating-based-dataset/images/foreign/54.png,2.834172963895886,0.108,0.64,0.19,1.0,0.821,0.569,0.0,0.353,55.0595,9.0,0.3879,0.2187,0.3956,19.0,0.3604,0.9445,0.7523,0.8906,0.0493,0.5
../calista/rating-based-dataset/images/foreign/55.png,3.2810314685314683,0.141,0.366,0.78,1.0,0.646,0.688,0.0,0.543,70.1405,15.0,0.3789,0.2094,0.4482,45.0,0.5231,0.8899,0.7612,0.8921,0.0537,0.5
../calista/rating-based-dataset/images/foreign/57.png,4.111853832442068,0.119,0.165,0.62,1.0,0.881,0.629,0.0,0.11,85.3608,12.0,0.3462,0.2134,0.2929,30.0,0.4394,0.9504,0.743,0.8804,0.0526,0.9
../calista/rating-based-dataset/images/foreign/58.png,4.995689655172414,0.131,0.966,0.52,1.0,0.842,0.529,0.358,0.458,33.3392,5.0,0.1803,0.1183,0.8144,48.0,0.5364,0.838,0.7071,0.9041,0.0227,0.3
../calista/rating-based-dataset/images/foreign/59.png,3.2083700440528635,0.108,0.277,0.28,1.0,0.833,0.535,0.0,0.758,75.9513,11.0,0.4578,0.2475,0.5041,24.0,0.4034,1.3009,0.7842,0.8115,0.0525,1.0
../calista/rating-based-dataset/images/foreign/6.png,4.3654529307282415,0.165,0.076,0.53,1.0,0.828,0.722,0.0,0.18,97.1616,11.0,0.2996,0.1902,0.3318,27.0,0.4234,1.3367,0.706,0.7934,0.0637,0.7
../calista/rating-based-dataset/images/foreign/7.png,5.556499575191164,0.119,0.377,0.3,1.0,0.88,0.558,0.0,0.666,69.4267,10.0,0.3501,0.187,0.4797,26.0,0.4138,0.8565,0.7859,0.8969,0.0433,0.6
../calista/rating-based-dataset/images/foreign/8.png,4.361363636363636,0.127,0.569,0.53,1.0,0.844,0.677,0.0,0.194,58.8079,14.0,0.4157,0.2474,0.3382,31.0,0.4474,1.0698,0.7426,0.8652,0.0438,0.6
../calista/rating-based-dataset/images/foreign/9.png,3.6328125,0.174,0.67,0.33,1.0,0.849,0.687,0.0,0.928,53.4929,12.0,0.2989,0.1724,0.5597,37.0,0.4793,0.9932,0.7339,0.8753,0.0334,0.9
